player,team,lg,season,replaced,all-star selections
Bam Adebayo,Giannis,NBA,2023,False,2
Giannis Antetokounmpo,Giannis,NBA,2023,False,7
DeMar DeRozan,Giannis,NBA,2023,False,6
Kevin Durant,Giannis,NBA,2023,False,13
Shai Gilgeous-Alexander,Giannis,NBA,2023,False,1
Jrue Holiday,Giannis,NBA,2023,False,2
Damian Lillard,Giannis,NBA,2023,False,7
Lauri Markkanen,Giannis,NBA,2023,False,1
Donovan Mitchell,Giannis,NBA,2023,False,4
Ja Morant,Giannis,NBA,2023,False,2
Domantas Sabonis,Giannis,NBA,2023,False,3
Pascal Siakam,Giannis,NBA,2023,False,2
Jayson Tatum,Giannis,NBA,2023,False,4
Jaylen Brown,LeBron,NBA,2023,False,2
Stephen Curry,LeBron,NBA,2023,False,9
Luka Dončić,LeBron,NBA,2023,False,4
Anthony Edwards,LeBron,NBA,2023,False,1
Joel Embiid,LeBron,NBA,2023,False,6
De'Aaron Fox,LeBron,NBA,2023,False,1
Paul George,LeBron,NBA,2023,False,8
Tyrese Haliburton,LeBron,NBA,2023,False,1
Kyrie Irving,LeBron,NBA,2023,False,8
Jaren Jackson Jr.,LeBron,NBA,2023,False,1
LeBron James,LeBron,NBA,2023,False,19
Nikola Jokić,LeBron,NBA,2023,False,5
Julius Randle,LeBron,NBA,2023,False,2
Zion Williamson,LeBron,NBA,2023,False,2
LaMelo Ball,Team Durant,NBA,2022,False,1
Devin Booker,Team Durant,NBA,2022,False,3
Kevin Durant,Team Durant,NBA,2022,False,13
Joel Embiid,Team Durant,NBA,2022,False,6
Rudy Gobert,Team Durant,NBA,2022,False,3
Draymond Green,Team Durant,NBA,2022,False,4
Zach LaVine,Team Durant,NBA,2022,False,2
Khris Middleton,Team Durant,NBA,2022,False,3
Ja Morant,Team Durant,NBA,2022,False,2
Dejounte Murray,Team Durant,NBA,2022,False,1
Jayson Tatum,Team Durant,NBA,2022,False,4
Karl-Anthony Towns,Team Durant,NBA,2022,False,3
Andrew Wiggins,Team Durant,NBA,2022,False,1
Trae Young,Team Durant,NBA,2022,False,2
Jarrett Allen,Team LeBron,NBA,2022,False,1
Giannis Antetokounmpo,Team LeBron,NBA,2022,False,7
Jimmy Butler,Team LeBron,NBA,2022,False,6
Stephen Curry,Team LeBron,NBA,2022,False,9
DeMar DeRozan,Team LeBron,NBA,2022,False,6
Luka Dončić,Team LeBron,NBA,2022,False,4
Darius Garland,Team LeBron,NBA,2022,False,1
James Harden,Team LeBron,NBA,2022,False,10
LeBron James,Team LeBron,NBA,2022,False,19
Nikola Jokić,Team LeBron,NBA,2022,False,5
Donovan Mitchell,Team LeBron,NBA,2022,False,4
Chris Paul,Team LeBron,NBA,2022,False,12
Fred VanVleet,Team LeBron,NBA,2022,False,1
Bradley Beal,Team Durant,NBA,2021,False,3
Devin Booker,Team Durant,NBA,2021,False,3
Mike Conley,Team Durant,NBA,2021,False,1
Anthony Davis,Team Durant,NBA,2021,False,8
Kevin Durant,Team Durant,NBA,2021,False,13
Joel Embiid,Team Durant,NBA,2021,False,6
James Harden,Team Durant,NBA,2021,False,10
Kyrie Irving,Team Durant,NBA,2021,False,8
Zach LaVine,Team Durant,NBA,2021,False,2
Kawhi Leonard,Team Durant,NBA,2021,False,5
Donovan Mitchell,Team Durant,NBA,2021,False,4
Julius Randle,Team Durant,NBA,2021,False,2
Jayson Tatum,Team Durant,NBA,2021,False,4
Nikola Vučević,Team Durant,NBA,2021,False,2
Zion Williamson,Team Durant,NBA,2021,False,2
Giannis Antetokounmpo,Team LeBron,NBA,2021,False,7
Jaylen Brown,Team LeBron,NBA,2021,False,2
Stephen Curry,Team LeBron,NBA,2021,False,9
Luka Dončić,Team LeBron,NBA,2021,False,4
Paul George,Team LeBron,NBA,2021,False,8
Rudy Gobert,Team LeBron,NBA,2021,False,3
LeBron James,Team LeBron,NBA,2021,False,19
Nikola Jokić,Team LeBron,NBA,2021,False,5
Damian Lillard,Team LeBron,NBA,2021,False,7
Chris Paul,Team LeBron,NBA,2021,False,12
Domantas Sabonis,Team LeBron,NBA,2021,False,3
Ben Simmons,Team LeBron,NBA,2021,False,3
Bam Adebayo,Team Giannis,NBA,2020,False,2
Giannis Antetokounmpo,Team Giannis,NBA,2020,False,7
Jimmy Butler,Team Giannis,NBA,2020,False,6
Joel Embiid,Team Giannis,NBA,2020,False,6
Rudy Gobert,Team Giannis,NBA,2020,False,3
Brandon Ingram,Team Giannis,NBA,2020,False,1
Kyle Lowry,Team Giannis,NBA,2020,False,6
Khris Middleton,Team Giannis,NBA,2020,False,3
Donovan Mitchell,Team Giannis,NBA,2020,False,4
Pascal Siakam,Team Giannis,NBA,2020,False,2
Kemba Walker,Team Giannis,NBA,2020,False,4
Trae Young,Team Giannis,NBA,2020,False,2
Devin Booker,Team LeBron,NBA,2020,False,3
Anthony Davis,Team LeBron,NBA,2020,False,8
Luka Dončić,Team LeBron,NBA,2020,False,4
James Harden,Team LeBron,NBA,2020,False,10
LeBron James,Team LeBron,NBA,2020,False,19
Nikola Jokić,Team LeBron,NBA,2020,False,5
Kawhi Leonard,Team LeBron,NBA,2020,False,5
Damian Lillard,Team LeBron,NBA,2020,False,7
Chris Paul,Team LeBron,NBA,2020,False,12
Domantas Sabonis,Team LeBron,NBA,2020,False,3
Ben Simmons,Team LeBron,NBA,2020,False,3
Jayson Tatum,Team LeBron,NBA,2020,False,4
Russell Westbrook,Team LeBron,NBA,2020,False,9
Giannis Antetokounmpo,Team Giannis,NBA,2019,False,7
Stephen Curry,Team Giannis,NBA,2019,False,9
Joel Embiid,Team Giannis,NBA,2019,False,6
Paul George,Team Giannis,NBA,2019,False,8
Blake Griffin,Team Giannis,NBA,2019,False,6
Nikola Jokić,Team Giannis,NBA,2019,False,5
Kyle Lowry,Team Giannis,NBA,2019,False,6
Khris Middleton,Team Giannis,NBA,2019,False,3
Dirk Nowitzki,Team Giannis,NBA,2019,False,14
Victor Oladipo,Team Giannis,NBA,2019,True,2
D'Angelo Russell,Team Giannis,NBA,2019,False,1
Nikola Vučević,Team Giannis,NBA,2019,False,2
Kemba Walker,Team Giannis,NBA,2019,False,4
Russell Westbrook,Team Giannis,NBA,2019,False,9
LaMarcus Aldridge,Team LeBron,NBA,2019,False,7
Bradley Beal,Team LeBron,NBA,2019,False,3
Anthony Davis,Team LeBron,NBA,2019,False,8
Kevin Durant,Team LeBron,NBA,2019,False,13
James Harden,Team LeBron,NBA,2019,False,10
Kyrie Irving,Team LeBron,NBA,2019,False,8
LeBron James,Team LeBron,NBA,2019,False,19
Kawhi Leonard,Team LeBron,NBA,2019,False,5
Damian Lillard,Team LeBron,NBA,2019,False,7
Ben Simmons,Team LeBron,NBA,2019,False,3
Klay Thompson,Team LeBron,NBA,2019,False,5
Karl-Anthony Towns,Team LeBron,NBA,2019,False,3
Dwyane Wade,Team LeBron,NBA,2019,False,13
LaMarcus Aldridge,Team LeBron,NBA,2018,False,7
Bradley Beal,Team LeBron,NBA,2018,False,3
DeMarcus Cousins,Team LeBron,NBA,2018,True,4
Anthony Davis,Team LeBron,NBA,2018,False,8
Goran Dragić,Team LeBron,NBA,2018,False,1
Andre Drummond,Team LeBron,NBA,2018,False,2
Kevin Durant,Team LeBron,NBA,2018,False,13
Paul George,Team LeBron,NBA,2018,False,8
Kyrie Irving,Team LeBron,NBA,2018,False,8
LeBron James,Team LeBron,NBA,2018,False,19
Kevin Love,Team LeBron,NBA,2018,True,5
Victor Oladipo,Team LeBron,NBA,2018,False,2
Kristaps Porziņģis,Team LeBron,NBA,2018,True,1
Kemba Walker,Team LeBron,NBA,2018,False,4
John Wall,Team LeBron,NBA,2018,True,5
Russell Westbrook,Team LeBron,NBA,2018,False,9
Giannis Antetokounmpo,Team Stephen,NBA,2018,False,7
Jimmy Butler,Team Stephen,NBA,2018,True,6
Stephen Curry,Team Stephen,NBA,2018,False,9
DeMar DeRozan,Team Stephen,NBA,2018,False,6
Joel Embiid,Team Stephen,NBA,2018,False,6
Draymond Green,Team Stephen,NBA,2018,False,4
James Harden,Team Stephen,NBA,2018,False,10
Al Horford,Team Stephen,NBA,2018,False,5
Damian Lillard,Team Stephen,NBA,2018,False,7
Kyle Lowry,Team Stephen,NBA,2018,False,6
Klay Thompson,Team Stephen,NBA,2018,False,5
Karl-Anthony Towns,Team Stephen,NBA,2018,False,3
Giannis Antetokounmpo,East,NBA,2017,False,7
Carmelo Anthony,East,NBA,2017,False,10
Jimmy Butler,East,NBA,2017,False,6
DeMar DeRozan,East,NBA,2017,False,6
Paul George,East,NBA,2017,False,8
Kyrie Irving,East,NBA,2017,False,8
LeBron James,East,NBA,2017,False,19
Kevin Love,East,NBA,2017,True,5
Kyle Lowry,East,NBA,2017,False,6
Paul Millsap,East,NBA,2017,False,4
Isaiah Thomas,East,NBA,2017,False,2
Kemba Walker,East,NBA,2017,False,4
John Wall,East,NBA,2017,False,5
DeMarcus Cousins,West,NBA,2017,False,4
Stephen Curry,West,NBA,2017,False,9
Anthony Davis,West,NBA,2017,False,8
Kevin Durant,West,NBA,2017,False,13
Marc Gasol,West,NBA,2017,False,3
Draymond Green,West,NBA,2017,False,4
James Harden,West,NBA,2017,False,10
Gordon Hayward,West,NBA,2017,False,1
DeAndre Jordan,West,NBA,2017,False,1
Kawhi Leonard,West,NBA,2017,False,5
Klay Thompson,West,NBA,2017,False,5
Russell Westbrook,West,NBA,2017,False,9
Carmelo Anthony,East,NBA,2016,False,10
Chris Bosh,East,NBA,2016,True,11
Jimmy Butler,East,NBA,2016,True,6
DeMar DeRozan,East,NBA,2016,False,6
Andre Drummond,East,NBA,2016,False,2
Pau Gasol,East,NBA,2016,False,6
Paul George,East,NBA,2016,False,8
Al Horford,East,NBA,2016,False,5
LeBron James,East,NBA,2016,False,19
Kyle Lowry,East,NBA,2016,False,6
Paul Millsap,East,NBA,2016,False,4
Isaiah Thomas,East,NBA,2016,False,2
Dwyane Wade,East,NBA,2016,False,13
John Wall,East,NBA,2016,False,5
LaMarcus Aldridge,West,NBA,2016,False,7
Kobe Bryant,West,NBA,2016,False,18
DeMarcus Cousins,West,NBA,2016,False,4
Stephen Curry,West,NBA,2016,False,9
Anthony Davis,West,NBA,2016,False,8
Kevin Durant,West,NBA,2016,False,13
Draymond Green,West,NBA,2016,False,4
James Harden,West,NBA,2016,False,10
Kawhi Leonard,West,NBA,2016,False,5
Chris Paul,West,NBA,2016,False,12
Klay Thompson,West,NBA,2016,False,5
Russell Westbrook,West,NBA,2016,False,9
Carmelo Anthony,East,NBA,2015,False,10
Chris Bosh,East,NBA,2015,False,11
Jimmy Butler,East,NBA,2015,False,6
Pau Gasol,East,NBA,2015,False,6
Al Horford,East,NBA,2015,False,5
Kyrie Irving,East,NBA,2015,False,8
LeBron James,East,NBA,2015,False,19
Kyle Korver,East,NBA,2015,False,1
Kyle Lowry,East,NBA,2015,False,6
Paul Millsap,East,NBA,2015,False,4
Jeff Teague,East,NBA,2015,False,1
Dwyane Wade,East,NBA,2015,False,13
John Wall,East,NBA,2015,False,5
LaMarcus Aldridge,West,NBA,2015,False,7
Kobe Bryant,West,NBA,2015,False,18
DeMarcus Cousins,West,NBA,2015,False,4
Stephen Curry,West,NBA,2015,False,9
Anthony Davis,West,NBA,2015,False,8
Tim Duncan,West,NBA,2015,False,15
Kevin Durant,West,NBA,2015,False,13
Marc Gasol,West,NBA,2015,False,3
Blake Griffin,West,NBA,2015,False,6
James Harden,West,NBA,2015,False,10
Damian Lillard,West,NBA,2015,False,7
Dirk Nowitzki,West,NBA,2015,False,14
Chris Paul,West,NBA,2015,False,12
Klay Thompson,West,NBA,2015,False,5
Russell Westbrook,West,NBA,2015,False,9
Carmelo Anthony,East,NBA,2014,False,10
Chris Bosh,East,NBA,2014,False,11
DeMar DeRozan,East,NBA,2014,False,6
Paul George,East,NBA,2014,False,8
Roy Hibbert,East,NBA,2014,False,2
Kyrie Irving,East,NBA,2014,False,8
LeBron James,East,NBA,2014,False,19
Joe Johnson,East,NBA,2014,False,7
Paul Millsap,East,NBA,2014,False,4
Joakim Noah,East,NBA,2014,False,2
Dwyane Wade,East,NBA,2014,False,13
John Wall,East,NBA,2014,False,5
LaMarcus Aldridge,West,NBA,2014,False,7
Kobe Bryant,West,NBA,2014,True,18
Stephen Curry,West,NBA,2014,False,9
Anthony Davis,West,NBA,2014,False,8
Kevin Durant,West,NBA,2014,False,13
Blake Griffin,West,NBA,2014,False,6
James Harden,West,NBA,2014,False,10
Dwight Howard,West,NBA,2014,False,8
Damian Lillard,West,NBA,2014,False,7
Kevin Love,West,NBA,2014,False,5
Dirk Nowitzki,West,NBA,2014,False,14
Tony Parker,West,NBA,2014,False,6
Chris Paul,West,NBA,2014,False,12
Carmelo Anthony,East,NBA,2013,False,10
Chris Bosh,East,NBA,2013,False,11
Tyson Chandler,East,NBA,2013,False,1
Luol Deng,East,NBA,2013,False,2
Kevin Garnett,East,NBA,2013,False,15
Paul George,East,NBA,2013,False,8
Jrue Holiday,East,NBA,2013,False,2
Kyrie Irving,East,NBA,2013,False,8
LeBron James,East,NBA,2013,False,19
Brook Lopez,East,NBA,2013,False,1
Joakim Noah,East,NBA,2013,False,2
Rajon Rondo,East,NBA,2013,True,4
Dwyane Wade,East,NBA,2013,False,13
LaMarcus Aldridge,West,NBA,2013,False,7
Kobe Bryant,West,NBA,2013,False,18
Tim Duncan,West,NBA,2013,False,15
Kevin Durant,West,NBA,2013,False,13
Blake Griffin,West,NBA,2013,False,6
James Harden,West,NBA,2013,False,10
Dwight Howard,West,NBA,2013,False,8
David Lee,West,NBA,2013,False,2
Tony Parker,West,NBA,2013,False,6
Chris Paul,West,NBA,2013,False,12
Zach Randolph,West,NBA,2013,False,2
Russell Westbrook,West,NBA,2013,False,9
Carmelo Anthony,East,NBA,2012,False,10
Chris Bosh,East,NBA,2012,False,11
Luol Deng,East,NBA,2012,False,2
Roy Hibbert,East,NBA,2012,False,2
Dwight Howard,East,NBA,2012,False,8
Andre Iguodala,East,NBA,2012,False,1
LeBron James,East,NBA,2012,False,19
Joe Johnson,East,NBA,2012,True,7
Paul Pierce,East,NBA,2012,False,10
Rajon Rondo,East,NBA,2012,False,4
Derrick Rose,East,NBA,2012,False,3
Dwyane Wade,East,NBA,2012,False,13
Deron Williams,East,NBA,2012,False,3
LaMarcus Aldridge,West,NBA,2012,False,7
Kobe Bryant,West,NBA,2012,False,18
Andrew Bynum,West,NBA,2012,False,1
Kevin Durant,West,NBA,2012,False,13
Marc Gasol,West,NBA,2012,False,3
Blake Griffin,West,NBA,2012,False,6
Kevin Love,West,NBA,2012,False,5
Steve Nash,West,NBA,2012,False,8
Dirk Nowitzki,West,NBA,2012,False,14
Tony Parker,West,NBA,2012,False,6
Chris Paul,West,NBA,2012,False,12
Russell Westbrook,West,NBA,2012,False,9
Ray Allen,East,NBA,2011,False,10
Chris Bosh,East,NBA,2011,False,11
Kevin Garnett,East,NBA,2011,False,15
Al Horford,East,NBA,2011,False,5
Dwight Howard,East,NBA,2011,False,8
LeBron James,East,NBA,2011,False,19
Joe Johnson,East,NBA,2011,False,7
Paul Pierce,East,NBA,2011,False,10
Rajon Rondo,East,NBA,2011,False,4
Derrick Rose,East,NBA,2011,False,3
Amar'e Stoudemire,East,NBA,2011,False,6
Dwyane Wade,East,NBA,2011,False,13
Carmelo Anthony,West,NBA,2011,False,10
Kobe Bryant,West,NBA,2011,False,18
Tim Duncan,West,NBA,2011,False,15
Kevin Durant,West,NBA,2011,False,13
Pau Gasol,West,NBA,2011,False,6
Manu Ginóbili,West,NBA,2011,False,2
Blake Griffin,West,NBA,2011,False,6
Kevin Love,West,NBA,2011,False,5
Yao Ming,West,NBA,2011,True,8
Dirk Nowitzki,West,NBA,2011,False,14
Chris Paul,West,NBA,2011,False,12
Russell Westbrook,West,NBA,2011,False,9
Deron Williams,West,NBA,2011,False,3
Chris Bosh,East,NBA,2010,False,11
Kevin Garnett,East,NBA,2010,False,15
Al Horford,East,NBA,2010,False,5
Dwight Howard,East,NBA,2010,False,8
Allen Iverson,East,NBA,2010,True,11
LeBron James,East,NBA,2010,False,19
Joe Johnson,East,NBA,2010,False,7
David Lee,East,NBA,2010,False,2
Paul Pierce,East,NBA,2010,False,10
Rajon Rondo,East,NBA,2010,False,4
Derrick Rose,East,NBA,2010,False,3
Dwyane Wade,East,NBA,2010,False,13
Gerald Wallace,East,NBA,2010,False,1
Carmelo Anthony,West,NBA,2010,False,10
Chauncey Billups,West,NBA,2010,False,5
Kobe Bryant,West,NBA,2010,True,18
Tim Duncan,West,NBA,2010,False,15
Kevin Durant,West,NBA,2010,False,13
Pau Gasol,West,NBA,2010,False,6
Chris Kaman,West,NBA,2010,False,1
Jason Kidd,West,NBA,2010,False,10
Steve Nash,West,NBA,2010,False,8
Dirk Nowitzki,West,NBA,2010,False,14
Chris Paul,West,NBA,2010,True,12
Zach Randolph,West,NBA,2010,False,2
Brandon Roy,West,NBA,2010,True,3
Amar'e Stoudemire,West,NBA,2010,False,6
Deron Williams,West,NBA,2010,False,3
Ray Allen,East,NBA,2009,False,10
Chris Bosh,East,NBA,2009,True,11
Kevin Garnett,East,NBA,2009,False,15
Danny Granger,East,NBA,2009,False,1
Devin Harris,East,NBA,2009,False,1
Dwight Howard,East,NBA,2009,False,8
Allen Iverson,East,NBA,2009,False,11
LeBron James,East,NBA,2009,False,19
Joe Johnson,East,NBA,2009,False,7
Rashard Lewis,East,NBA,2009,False,2
Jameer Nelson,East,NBA,2009,True,1
Paul Pierce,East,NBA,2009,False,10
Dwyane Wade,East,NBA,2009,False,13
Mo Williams,East,NBA,2009,False,1
Chauncey Billups,West,NBA,2009,False,5
Kobe Bryant,West,NBA,2009,False,18
Tim Duncan,West,NBA,2009,False,15
Pau Gasol,West,NBA,2009,False,6
Yao Ming,West,NBA,2009,False,8
Dirk Nowitzki,West,NBA,2009,False,14
Shaquille O'Neal,West,NBA,2009,False,15
Tony Parker,West,NBA,2009,False,6
Chris Paul,West,NBA,2009,False,12
Brandon Roy,West,NBA,2009,False,3
Amar'e Stoudemire,West,NBA,2009,False,6
David West,West,NBA,2009,False,2
Ray Allen,East,NBA,2008,False,10
Chauncey Billups,East,NBA,2008,False,5
Chris Bosh,East,NBA,2008,False,11
Caron Butler,East,NBA,2008,True,2
Kevin Garnett,East,NBA,2008,True,15
Richard Hamilton,East,NBA,2008,False,3
Dwight Howard,East,NBA,2008,False,8
LeBron James,East,NBA,2008,False,19
Antawn Jamison,East,NBA,2008,False,2
Joe Johnson,East,NBA,2008,False,7
Jason Kidd,East,NBA,2008,False,10
Paul Pierce,East,NBA,2008,False,10
Dwyane Wade,East,NBA,2008,False,13
Rasheed Wallace,East,NBA,2008,False,4
Carmelo Anthony,West,NBA,2008,False,10
Carlos Boozer,West,NBA,2008,False,2
Kobe Bryant,West,NBA,2008,False,18
Tim Duncan,West,NBA,2008,False,15
Allen Iverson,West,NBA,2008,False,11
Yao Ming,West,NBA,2008,False,8
Steve Nash,West,NBA,2008,False,8
Dirk Nowitzki,West,NBA,2008,False,14
Chris Paul,West,NBA,2008,False,12
Brandon Roy,West,NBA,2008,False,3
Amar'e Stoudemire,West,NBA,2008,False,6
David West,West,NBA,2008,False,2
Gilbert Arenas,East,NBA,2007,False,3
Chauncey Billups,East,NBA,2007,False,5
Chris Bosh,East,NBA,2007,False,11
Caron Butler,East,NBA,2007,False,2
Vince Carter,East,NBA,2007,False,8
Richard Hamilton,East,NBA,2007,False,3
Dwight Howard,East,NBA,2007,False,8
LeBron James,East,NBA,2007,False,19
Joe Johnson,East,NBA,2007,False,7
Jason Kidd,East,NBA,2007,True,10
Jermaine O'Neal,East,NBA,2007,False,6
Shaquille O'Neal,East,NBA,2007,False,15
Dwyane Wade,East,NBA,2007,False,13
Ray Allen,West,NBA,2007,False,10
Carmelo Anthony,West,NBA,2007,False,10
Carlos Boozer,West,NBA,2007,True,2
Kobe Bryant,West,NBA,2007,False,18
Tim Duncan,West,NBA,2007,False,15
Kevin Garnett,West,NBA,2007,False,15
Josh Howard,West,NBA,2007,False,1
Allen Iverson,West,NBA,2007,True,11
Shawn Marion,West,NBA,2007,False,4
Tracy McGrady,West,NBA,2007,False,7
Yao Ming,West,NBA,2007,True,8
Steve Nash,West,NBA,2007,True,8
Dirk Nowitzki,West,NBA,2007,False,14
Mehmet Okur,West,NBA,2007,False,1
Tony Parker,West,NBA,2007,False,6
Amar'e Stoudemire,West,NBA,2007,False,6
Gilbert Arenas,East,NBA,2006,False,3
Chauncey Billups,East,NBA,2006,False,5
Chris Bosh,East,NBA,2006,False,11
Vince Carter,East,NBA,2006,False,8
Richard Hamilton,East,NBA,2006,False,3
Allen Iverson,East,NBA,2006,False,11
LeBron James,East,NBA,2006,False,19
Jermaine O'Neal,East,NBA,2006,True,6
Shaquille O'Neal,East,NBA,2006,False,15
Paul Pierce,East,NBA,2006,False,10
Dwyane Wade,East,NBA,2006,False,13
Ben Wallace,East,NBA,2006,False,4
Rasheed Wallace,East,NBA,2006,False,4
Ray Allen,West,NBA,2006,False,10
Elton Brand,West,NBA,2006,False,2
Kobe Bryant,West,NBA,2006,False,18
Tim Duncan,West,NBA,2006,False,15
Kevin Garnett,West,NBA,2006,False,15
Pau Gasol,West,NBA,2006,False,6
Shawn Marion,West,NBA,2006,False,4
Tracy McGrady,West,NBA,2006,False,7
Yao Ming,West,NBA,2006,False,8
Steve Nash,West,NBA,2006,False,8
Dirk Nowitzki,West,NBA,2006,False,14
Tony Parker,West,NBA,2006,False,6
Gilbert Arenas,East,NBA,2005,False,3
Vince Carter,East,NBA,2005,False,8
Grant Hill,East,NBA,2005,False,7
Zydrunas Ilgauskas,East,NBA,2005,False,2
Allen Iverson,East,NBA,2005,False,11
LeBron James,East,NBA,2005,False,19
Antawn Jamison,East,NBA,2005,False,2
Jermaine O'Neal,East,NBA,2005,False,6
Shaquille O'Neal,East,NBA,2005,False,15
Paul Pierce,East,NBA,2005,False,10
Dwyane Wade,East,NBA,2005,False,13
Ben Wallace,East,NBA,2005,False,4
Ray Allen,West,NBA,2005,False,10
Kobe Bryant,West,NBA,2005,False,18
Tim Duncan,West,NBA,2005,False,15
Kevin Garnett,West,NBA,2005,False,15
Manu Ginóbili,West,NBA,2005,False,2
Rashard Lewis,West,NBA,2005,False,2
Shawn Marion,West,NBA,2005,False,4
Tracy McGrady,West,NBA,2005,False,7
Yao Ming,West,NBA,2005,False,8
Steve Nash,West,NBA,2005,False,8
Dirk Nowitzki,West,NBA,2005,False,14
Amar'e Stoudemire,West,NBA,2005,False,6
Metta World Peace,East,NBA,2004,False,1
Vince Carter,East,NBA,2004,False,8
Baron Davis,East,NBA,2004,False,2
Allen Iverson,East,NBA,2004,False,11
Jason Kidd,East,NBA,2004,False,10
Jamaal Magloire,East,NBA,2004,False,1
Kenyon Martin,East,NBA,2004,False,1
Tracy McGrady,East,NBA,2004,False,7
Jermaine O'Neal,East,NBA,2004,False,6
Paul Pierce,East,NBA,2004,False,10
Michael Redd,East,NBA,2004,False,1
Ben Wallace,East,NBA,2004,False,4
Ray Allen,West,NBA,2004,False,10
Kobe Bryant,West,NBA,2004,False,18
Sam Cassell,West,NBA,2004,False,1
Tim Duncan,West,NBA,2004,False,15
Steve Francis,West,NBA,2004,False,3
Kevin Garnett,West,NBA,2004,False,15
Andrei Kirilenko,West,NBA,2004,False,1
Brad Miller,West,NBA,2004,False,2
Yao Ming,West,NBA,2004,False,8
Dirk Nowitzki,West,NBA,2004,False,14
Shaquille O'Neal,West,NBA,2004,False,15
Peja Stojaković,West,NBA,2004,False,3
Vince Carter,East,NBA,2003,False,8
Zydrunas Ilgauskas,East,NBA,2003,False,2
Allen Iverson,East,NBA,2003,False,11
Michael Jordan,East,NBA,2003,False,14
Jason Kidd,East,NBA,2003,False,10
Jamal Mashburn,East,NBA,2003,False,1
Tracy McGrady,East,NBA,2003,False,7
Brad Miller,East,NBA,2003,False,2
Jermaine O'Neal,East,NBA,2003,False,6
Paul Pierce,East,NBA,2003,False,10
Antoine Walker,East,NBA,2003,False,3
Ben Wallace,East,NBA,2003,False,4
Kobe Bryant,West,NBA,2003,False,18
Tim Duncan,West,NBA,2003,False,15
Steve Francis,West,NBA,2003,False,3
Kevin Garnett,West,NBA,2003,False,15
Stephon Marbury,West,NBA,2003,False,2
Shawn Marion,West,NBA,2003,False,4
Yao Ming,West,NBA,2003,False,8
Steve Nash,West,NBA,2003,False,8
Dirk Nowitzki,West,NBA,2003,False,14
Shaquille O'Neal,West,NBA,2003,False,15
Gary Payton,West,NBA,2003,False,9
Peja Stojaković,West,NBA,2003,False,3
Chris Webber,West,NBA,2003,True,5
Shareef Abdur-Rahim,East,NBA,2002,False,1
Ray Allen,East,NBA,2002,False,10
Vince Carter,East,NBA,2002,True,8
Baron Davis,East,NBA,2002,False,2
Allen Iverson,East,NBA,2002,False,11
Michael Jordan,East,NBA,2002,False,14
Jason Kidd,East,NBA,2002,False,10
Tracy McGrady,East,NBA,2002,False,7
Alonzo Mourning,East,NBA,2002,False,7
Dikembe Mutombo,East,NBA,2002,False,8
Jermaine O'Neal,East,NBA,2002,False,6
Paul Pierce,East,NBA,2002,False,10
Antoine Walker,East,NBA,2002,False,3
Elton Brand,West,NBA,2002,False,2
Kobe Bryant,West,NBA,2002,False,18
Tim Duncan,West,NBA,2002,False,15
Steve Francis,West,NBA,2002,False,3
Kevin Garnett,West,NBA,2002,False,15
Karl Malone,West,NBA,2002,True,14
Steve Nash,West,NBA,2002,False,8
Dirk Nowitzki,West,NBA,2002,False,14
Shaquille O'Neal,West,NBA,2002,True,15
Gary Payton,West,NBA,2002,False,9
Peja Stojaković,West,NBA,2002,False,3
Wally Szczerbiak,West,NBA,2002,False,1
Chris Webber,West,NBA,2002,False,5
Ray Allen,East,NBA,2001,False,10
Vince Carter,East,NBA,2001,False,8
Antonio Davis,East,NBA,2001,False,1
Grant Hill,East,NBA,2001,True,7
Allan Houston,East,NBA,2001,False,2
Allen Iverson,East,NBA,2001,False,11
Stephon Marbury,East,NBA,2001,False,2
Anthony Mason,East,NBA,2001,False,1
Tracy McGrady,East,NBA,2001,False,7
Alonzo Mourning,East,NBA,2001,True,7
Dikembe Mutombo,East,NBA,2001,False,8
Theo Ratliff,East,NBA,2001,True,1
Glenn Robinson,East,NBA,2001,False,2
Latrell Sprewell,East,NBA,2001,False,4
Jerry Stackhouse,East,NBA,2001,False,2
Kobe Bryant,West,NBA,2001,False,18
Vlade Divac,West,NBA,2001,False,1
Tim Duncan,West,NBA,2001,False,15
Michael Finley,West,NBA,2001,False,2
Kevin Garnett,West,NBA,2001,False,15
Jason Kidd,West,NBA,2001,False,10
Karl Malone,West,NBA,2001,False,14
Antonio McDyess,West,NBA,2001,False,1
Shaquille O'Neal,West,NBA,2001,True,15
Gary Payton,West,NBA,2001,False,9
David Robinson,West,NBA,2001,False,10
Rasheed Wallace,West,NBA,2001,False,4
Chris Webber,West,NBA,2001,False,5
Ray Allen,East,NBA,2000,False,10
Vince Carter,East,NBA,2000,False,8
Dale Davis,East,NBA,2000,False,1
Grant Hill,East,NBA,2000,False,7
Allan Houston,East,NBA,2000,False,2
Allen Iverson,East,NBA,2000,False,11
Eddie Jones,East,NBA,2000,False,3
Reggie Miller,East,NBA,2000,False,5
Alonzo Mourning,East,NBA,2000,False,7
Dikembe Mutombo,East,NBA,2000,False,8
Glenn Robinson,East,NBA,2000,False,2
Jerry Stackhouse,East,NBA,2000,False,2
Kobe Bryant,West,NBA,2000,False,18
Tim Duncan,West,NBA,2000,False,15
Michael Finley,West,NBA,2000,False,2
Kevin Garnett,West,NBA,2000,False,15
Jason Kidd,West,NBA,2000,False,10
Karl Malone,West,NBA,2000,False,14
Shaquille O'Neal,West,NBA,2000,False,15
Gary Payton,West,NBA,2000,False,9
David Robinson,West,NBA,2000,False,10
John Stockton,West,NBA,2000,False,10
Rasheed Wallace,West,NBA,2000,False,4
Chris Webber,West,NBA,2000,False,5
Anfernee Hardaway,East,NBA,1998,False,4
Tim Hardaway,East,NBA,1998,False,5
Grant Hill,East,NBA,1998,False,7
Michael Jordan,East,NBA,1998,False,14
Shawn Kemp,East,NBA,1998,False,6
Reggie Miller,East,NBA,1998,False,5
Dikembe Mutombo,East,NBA,1998,False,8
Glen Rice,East,NBA,1998,False,3
Steve Smith,East,NBA,1998,False,1
Rik Smits,East,NBA,1998,False,1
Antoine Walker,East,NBA,1998,False,3
Jayson Williams,East,NBA,1998,False,1
Vin Baker,West,NBA,1998,False,4
Kobe Bryant,West,NBA,1998,False,18
Tim Duncan,West,NBA,1998,False,15
Kevin Garnett,West,NBA,1998,False,15
Eddie Jones,West,NBA,1998,False,3
Jason Kidd,West,NBA,1998,False,10
Karl Malone,West,NBA,1998,False,14
Shaquille O'Neal,West,NBA,1998,False,15
Gary Payton,West,NBA,1998,False,9
Mitch Richmond,West,NBA,1998,False,6
David Robinson,West,NBA,1998,False,10
Nick Van Exel,West,NBA,1998,False,1
Vin Baker,East,NBA,1997,False,4
Terrell Brandon,East,NBA,1997,False,2
Joe Dumars,East,NBA,1997,False,6
Patrick Ewing,East,NBA,1997,True,11
Anfernee Hardaway,East,NBA,1997,False,4
Tim Hardaway,East,NBA,1997,False,5
Grant Hill,East,NBA,1997,False,7
Michael Jordan,East,NBA,1997,False,14
Christian Laettner,East,NBA,1997,False,1
Alonzo Mourning,East,NBA,1997,True,7
Dikembe Mutombo,East,NBA,1997,False,8
Scottie Pippen,East,NBA,1997,False,7
Glen Rice,East,NBA,1997,False,3
Chris Webber,East,NBA,1997,False,5
Charles Barkley,West,NBA,1997,True,11
Clyde Drexler,West,NBA,1997,True,10
Kevin Garnett,West,NBA,1997,False,15
Chris Gatling,West,NBA,1997,False,1
Tom Gugliotta,West,NBA,1997,False,1
Eddie Jones,West,NBA,1997,False,3
Shawn Kemp,West,NBA,1997,False,6
Karl Malone,West,NBA,1997,False,14
Hakeem Olajuwon,West,NBA,1997,False,12
Shaquille O'Neal,West,NBA,1997,True,15
Gary Payton,West,NBA,1997,False,9
Mitch Richmond,West,NBA,1997,False,6
Detlef Schrempf,West,NBA,1997,False,3
Latrell Sprewell,West,NBA,1997,False,4
John Stockton,West,NBA,1997,False,10
Vin Baker,East,NBA,1996,False,4
Terrell Brandon,East,NBA,1996,False,2
Patrick Ewing,East,NBA,1996,False,11
Anfernee Hardaway,East,NBA,1996,False,4
Grant Hill,East,NBA,1996,False,7
Juwan Howard,East,NBA,1996,False,1
Michael Jordan,East,NBA,1996,False,14
Reggie Miller,East,NBA,1996,False,5
Alonzo Mourning,East,NBA,1996,False,7
Shaquille O'Neal,East,NBA,1996,False,15
Scottie Pippen,East,NBA,1996,False,7
Glen Rice,East,NBA,1996,False,3
Charles Barkley,West,NBA,1996,False,11
Clyde Drexler,West,NBA,1996,False,10
Sean Elliott,West,NBA,1996,False,2
Shawn Kemp,West,NBA,1996,False,6
Jason Kidd,West,NBA,1996,False,10
Karl Malone,West,NBA,1996,False,14
Dikembe Mutombo,West,NBA,1996,False,8
Hakeem Olajuwon,West,NBA,1996,False,12
Gary Payton,West,NBA,1996,False,9
Mitch Richmond,West,NBA,1996,False,6
David Robinson,West,NBA,1996,False,10
John Stockton,West,NBA,1996,False,10
Vin Baker,East,NBA,1995,False,4
Dana Barros,East,NBA,1995,False,1
Joe Dumars,East,NBA,1995,False,6
Patrick Ewing,East,NBA,1995,False,11
Anfernee Hardaway,East,NBA,1995,False,4
Grant Hill,East,NBA,1995,False,7
Tyrone Hill,East,NBA,1995,False,1
Larry Johnson,East,NBA,1995,False,2
Reggie Miller,East,NBA,1995,False,5
Alonzo Mourning,East,NBA,1995,False,7
Shaquille O'Neal,East,NBA,1995,False,15
Scottie Pippen,East,NBA,1995,False,7
Charles Barkley,West,NBA,1995,False,11
Cedric Ceballos,West,NBA,1995,True,1
Shawn Kemp,West,NBA,1995,False,6
Dan Majerle,West,NBA,1995,False,3
Karl Malone,West,NBA,1995,False,14
Dikembe Mutombo,West,NBA,1995,False,8
Hakeem Olajuwon,West,NBA,1995,False,12
Gary Payton,West,NBA,1995,False,9
Mitch Richmond,West,NBA,1995,False,6
David Robinson,West,NBA,1995,False,10
Detlef Schrempf,West,NBA,1995,False,3
Latrell Sprewell,West,NBA,1995,False,4
John Stockton,West,NBA,1995,False,10
Kenny Anderson,East,NBA,1994,False,1
B.J. Armstrong,East,NBA,1994,False,1
Mookie Blaylock,East,NBA,1994,False,1
Derrick Coleman,East,NBA,1994,False,1
Patrick Ewing,East,NBA,1994,False,11
Horace Grant,East,NBA,1994,False,1
Alonzo Mourning,East,NBA,1994,True,7
Charles Oakley,East,NBA,1994,False,1
Shaquille O'Neal,East,NBA,1994,False,15
Scottie Pippen,East,NBA,1994,False,7
Mark Price,East,NBA,1994,False,4
John Starks,East,NBA,1994,False,1
Dominique Wilkins,East,NBA,1994,False,9
Charles Barkley,West,NBA,1994,True,11
Clyde Drexler,West,NBA,1994,False,10
Kevin Johnson,West,NBA,1994,False,3
Shawn Kemp,West,NBA,1994,False,6
Karl Malone,West,NBA,1994,False,14
Danny Manning,West,NBA,1994,False,2
Hakeem Olajuwon,West,NBA,1994,False,12
Gary Payton,West,NBA,1994,False,9
Mitch Richmond,West,NBA,1994,False,6
Clifford Robinson,West,NBA,1994,False,1
David Robinson,West,NBA,1994,False,10
Latrell Sprewell,West,NBA,1994,False,4
John Stockton,West,NBA,1994,False,10
Brad Daugherty,East,NBA,1993,False,5
Joe Dumars,East,NBA,1993,False,6
Patrick Ewing,East,NBA,1993,False,11
Larry Johnson,East,NBA,1993,False,2
Michael Jordan,East,NBA,1993,False,14
Larry Nance,East,NBA,1993,False,3
Shaquille O'Neal,East,NBA,1993,False,15
Scottie Pippen,East,NBA,1993,False,7
Mark Price,East,NBA,1993,False,4
Detlef Schrempf,East,NBA,1993,False,3
Isiah Thomas,East,NBA,1993,False,12
Dominique Wilkins,East,NBA,1993,False,9
Charles Barkley,West,NBA,1993,False,11
Clyde Drexler,West,NBA,1993,False,10
Sean Elliott,West,NBA,1993,False,2
Tim Hardaway,West,NBA,1993,False,5
Shawn Kemp,West,NBA,1993,False,6
Dan Majerle,West,NBA,1993,False,3
Karl Malone,West,NBA,1993,False,14
Danny Manning,West,NBA,1993,False,2
Chris Mullin,West,NBA,1993,True,5
Hakeem Olajuwon,West,NBA,1993,False,12
Terry Porter,West,NBA,1993,False,2
Mitch Richmond,West,NBA,1993,True,6
David Robinson,West,NBA,1993,False,10
John Stockton,West,NBA,1993,False,10
Michael Adams,East,NBA,1992,False,1
Charles Barkley,East,NBA,1992,False,11
Larry Bird,East,NBA,1992,True,12
Brad Daugherty,East,NBA,1992,False,5
Joe Dumars,East,NBA,1992,False,6
Patrick Ewing,East,NBA,1992,False,11
Michael Jordan,East,NBA,1992,False,14
Reggie Lewis,East,NBA,1992,False,1
Scottie Pippen,East,NBA,1992,False,7
Mark Price,East,NBA,1992,False,4
Dennis Rodman,East,NBA,1992,False,2
Isiah Thomas,East,NBA,1992,False,12
Dominique Wilkins,East,NBA,1992,True,9
Kevin Willis,East,NBA,1992,False,1
Clyde Drexler,West,NBA,1992,False,10
Tim Hardaway,West,NBA,1992,False,5
Jeff Hornacek,West,NBA,1992,False,1
Magic Johnson,West,NBA,1992,False,12
Dan Majerle,West,NBA,1992,False,3
Karl Malone,West,NBA,1992,False,14
Chris Mullin,West,NBA,1992,False,5
Dikembe Mutombo,West,NBA,1992,False,8
Hakeem Olajuwon,West,NBA,1992,False,12
David Robinson,West,NBA,1992,False,10
John Stockton,West,NBA,1992,False,10
Otis Thorpe,West,NBA,1992,False,1
James Worthy,West,NBA,1992,False,7
Charles Barkley,East,NBA,1991,False,11
Larry Bird,East,NBA,1991,True,12
Brad Daugherty,East,NBA,1991,False,5
Joe Dumars,East,NBA,1991,False,6
Patrick Ewing,East,NBA,1991,False,11
Hersey Hawkins,East,NBA,1991,False,1
Michael Jordan,East,NBA,1991,False,14
Bernard King,East,NBA,1991,False,4
Kevin McHale,East,NBA,1991,False,7
Robert Parish,East,NBA,1991,False,9
Ricky Pierce,East,NBA,1991,False,1
Alvin Robertson,East,NBA,1991,False,4
Isiah Thomas,East,NBA,1991,True,12
Dominique Wilkins,East,NBA,1991,False,9
Tom Chambers,West,NBA,1991,False,4
Clyde Drexler,West,NBA,1991,False,10
Kevin Duckworth,West,NBA,1991,False,2
Tim Hardaway,West,NBA,1991,False,5
Kevin Johnson,West,NBA,1991,False,3
Magic Johnson,West,NBA,1991,False,12
Karl Malone,West,NBA,1991,False,14
Chris Mullin,West,NBA,1991,False,5
Terry Porter,West,NBA,1991,False,2
David Robinson,West,NBA,1991,False,10
John Stockton,West,NBA,1991,False,10
James Worthy,West,NBA,1991,False,7
Charles Barkley,East,NBA,1990,False,11
Larry Bird,East,NBA,1990,False,12
Joe Dumars,East,NBA,1990,False,6
Patrick Ewing,East,NBA,1990,False,11
Michael Jordan,East,NBA,1990,False,14
Kevin McHale,East,NBA,1990,False,7
Reggie Miller,East,NBA,1990,False,5
Robert Parish,East,NBA,1990,False,9
Scottie Pippen,East,NBA,1990,False,7
Dennis Rodman,East,NBA,1990,False,2
Isiah Thomas,East,NBA,1990,False,12
Dominique Wilkins,East,NBA,1990,False,9
Rolando Blackman,West,NBA,1990,False,4
Tom Chambers,West,NBA,1990,False,4
Clyde Drexler,West,NBA,1990,False,10
A.C. Green,West,NBA,1990,False,1
Kevin Johnson,West,NBA,1990,False,3
Magic Johnson,West,NBA,1990,False,12
Fat Lever,West,NBA,1990,False,2
Karl Malone,West,NBA,1990,True,14
Chris Mullin,West,NBA,1990,False,5
Hakeem Olajuwon,West,NBA,1990,False,12
David Robinson,West,NBA,1990,False,10
John Stockton,West,NBA,1990,False,10
James Worthy,West,NBA,1990,False,7
Charles Barkley,East,NBA,1989,False,11
Terry Cummings,East,NBA,1989,False,2
Brad Daugherty,East,NBA,1989,False,5
Patrick Ewing,East,NBA,1989,False,11
Mark Jackson,East,NBA,1989,False,1
Michael Jordan,East,NBA,1989,False,14
Moses Malone,East,NBA,1989,False,13
Kevin McHale,East,NBA,1989,False,7
Larry Nance,East,NBA,1989,False,3
Mark Price,East,NBA,1989,False,4
Isiah Thomas,East,NBA,1989,False,12
Dominique Wilkins,East,NBA,1989,False,9
Kareem Abdul-Jabbar,West,NBA,1989,False,19
Tom Chambers,West,NBA,1989,False,4
Clyde Drexler,West,NBA,1989,False,10
Kevin Duckworth,West,NBA,1989,False,2
Mark Eaton,West,NBA,1989,False,1
Dale Ellis,West,NBA,1989,False,1
Alex English,West,NBA,1989,False,8
Magic Johnson,West,NBA,1989,True,12
Karl Malone,West,NBA,1989,False,14
Chris Mullin,West,NBA,1989,False,5
Hakeem Olajuwon,West,NBA,1989,False,12
John Stockton,West,NBA,1989,False,10
James Worthy,West,NBA,1989,False,7
Danny Ainge,East,NBA,1988,False,1
Charles Barkley,East,NBA,1988,False,11
Larry Bird,East,NBA,1988,False,12
Maurice Cheeks,East,NBA,1988,False,4
Brad Daugherty,East,NBA,1988,False,5
Patrick Ewing,East,NBA,1988,False,11
Michael Jordan,East,NBA,1988,False,14
Moses Malone,East,NBA,1988,False,13
Kevin McHale,East,NBA,1988,False,7
Doc Rivers,East,NBA,1988,False,1
Isiah Thomas,East,NBA,1988,False,12
Dominique Wilkins,East,NBA,1988,False,9
Kareem Abdul-Jabbar,West,NBA,1988,False,19
Mark Aguirre,West,NBA,1988,False,3
James Donaldson,West,NBA,1988,False,1
Clyde Drexler,West,NBA,1988,False,10
Alex English,West,NBA,1988,False,8
Magic Johnson,West,NBA,1988,False,12
Steve Johnson,West,NBA,1988,True,1
Fat Lever,West,NBA,1988,False,2
Karl Malone,West,NBA,1988,False,14
Xavier McDaniel,West,NBA,1988,False,1
Hakeem Olajuwon,West,NBA,1988,False,12
Alvin Robertson,West,NBA,1988,False,4
James Worthy,West,NBA,1988,False,7
Charles Barkley,East,NBA,1987,False,11
Larry Bird,East,NBA,1987,False,12
Maurice Cheeks,East,NBA,1987,False,4
Julius Erving,East,NBA,1987,False,16
Michael Jordan,East,NBA,1987,False,14
Bill Laimbeer,East,NBA,1987,False,4
Jeff Malone,East,NBA,1987,False,2
Moses Malone,East,NBA,1987,False,13
Kevin McHale,East,NBA,1987,False,7
Robert Parish,East,NBA,1987,False,9
Isiah Thomas,East,NBA,1987,False,12
Dominique Wilkins,East,NBA,1987,False,9
Kareem Abdul-Jabbar,West,NBA,1987,False,19
Mark Aguirre,West,NBA,1987,False,3
Rolando Blackman,West,NBA,1987,False,4
Joe Barry Carroll,West,NBA,1987,False,1
Tom Chambers,West,NBA,1987,False,4
Walter Davis,West,NBA,1987,False,6
Alex English,West,NBA,1987,False,8
Sleepy Floyd,West,NBA,1987,False,1
Magic Johnson,West,NBA,1987,False,12
Hakeem Olajuwon,West,NBA,1987,False,12
Alvin Robertson,West,NBA,1987,False,4
Ralph Sampson,West,NBA,1987,True,4
James Worthy,West,NBA,1987,False,7
Larry Bird,East,NBA,1986,False,12
Maurice Cheeks,East,NBA,1986,False,4
Julius Erving,East,NBA,1986,False,16
Patrick Ewing,East,NBA,1986,True,11
Michael Jordan,East,NBA,1986,True,14
Jeff Malone,East,NBA,1986,False,2
Moses Malone,East,NBA,1986,False,13
Kevin McHale,East,NBA,1986,False,7
Sidney Moncrief,East,NBA,1986,False,5
Robert Parish,East,NBA,1986,False,9
Isiah Thomas,East,NBA,1986,False,12
Dominique Wilkins,East,NBA,1986,False,9
Buck Williams,East,NBA,1986,False,3
Kareem Abdul-Jabbar,West,NBA,1986,False,19
Rolando Blackman,West,NBA,1986,False,4
Adrian Dantley,West,NBA,1986,False,6
Clyde Drexler,West,NBA,1986,False,10
Alex English,West,NBA,1986,False,8
Artis Gilmore,West,NBA,1986,False,11
Marques Johnson,West,NBA,1986,False,5
Magic Johnson,West,NBA,1986,False,12
Hakeem Olajuwon,West,NBA,1986,False,12
Alvin Robertson,West,NBA,1986,False,4
Ralph Sampson,West,NBA,1986,False,4
James Worthy,West,NBA,1986,False,7
Larry Bird,East,NBA,1985,False,12
Terry Cummings,East,NBA,1985,False,2
Julius Erving,East,NBA,1985,False,16
Dennis Johnson,East,NBA,1985,False,5
Michael Jordan,East,NBA,1985,False,14
Bernard King,East,NBA,1985,False,4
Bill Laimbeer,East,NBA,1985,False,4
Moses Malone,East,NBA,1985,False,13
Sidney Moncrief,East,NBA,1985,False,5
Robert Parish,East,NBA,1985,False,9
Micheal Ray Richardson,East,NBA,1985,False,4
Jeff Ruland,East,NBA,1985,True,2
Isiah Thomas,East,NBA,1985,False,12
Kareem Abdul-Jabbar,West,NBA,1985,False,19
Rolando Blackman,West,NBA,1985,False,4
Adrian Dantley,West,NBA,1985,False,6
Alex English,West,NBA,1985,False,8
George Gervin,West,NBA,1985,False,12
Magic Johnson,West,NBA,1985,False,12
Larry Nance,West,NBA,1985,False,3
Calvin Natt,West,NBA,1985,False,1
Norm Nixon,West,NBA,1985,False,2
Hakeem Olajuwon,West,NBA,1985,False,12
Ralph Sampson,West,NBA,1985,False,4
Jack Sikma,West,NBA,1985,False,7
Larry Bird,East,NBA,1984,False,12
Otis Birdsong,East,NBA,1984,False,4
Julius Erving,East,NBA,1984,False,16
Bernard King,East,NBA,1984,False,4
Bill Laimbeer,East,NBA,1984,False,4
Moses Malone,East,NBA,1984,True,13
Kevin McHale,East,NBA,1984,False,7
Sidney Moncrief,East,NBA,1984,False,5
Robert Parish,East,NBA,1984,False,9
Jeff Ruland,East,NBA,1984,False,2
Isiah Thomas,East,NBA,1984,False,12
Andrew Toney,East,NBA,1984,False,2
Kelly Tripucka,East,NBA,1984,False,2
Kareem Abdul-Jabbar,West,NBA,1984,False,19
Mark Aguirre,West,NBA,1984,False,3
Adrian Dantley,West,NBA,1984,False,6
Walter Davis,West,NBA,1984,False,6
Alex English,West,NBA,1984,False,8
George Gervin,West,NBA,1984,False,12
Rickey Green,West,NBA,1984,False,1
Magic Johnson,West,NBA,1984,False,12
Jim Paxson,West,NBA,1984,False,2
Ralph Sampson,West,NBA,1984,False,4
Jack Sikma,West,NBA,1984,False,7
Kiki Vandeweghe,West,NBA,1984,False,2
Larry Bird,East,NBA,1983,False,12
Maurice Cheeks,East,NBA,1983,False,4
Julius Erving,East,NBA,1983,False,16
Marques Johnson,East,NBA,1983,False,5
Bill Laimbeer,East,NBA,1983,False,4
Moses Malone,East,NBA,1983,False,13
Sidney Moncrief,East,NBA,1983,False,5
Robert Parish,East,NBA,1983,False,9
Reggie Theus,East,NBA,1983,False,2
Isiah Thomas,East,NBA,1983,False,12
Andrew Toney,East,NBA,1983,False,2
Buck Williams,East,NBA,1983,False,3
Kareem Abdul-Jabbar,West,NBA,1983,False,19
Alex English,West,NBA,1983,False,8
George Gervin,West,NBA,1983,False,12
Artis Gilmore,West,NBA,1983,False,11
Magic Johnson,West,NBA,1983,False,12
Maurice Lucas,West,NBA,1983,False,5
Jim Paxson,West,NBA,1983,False,2
Jack Sikma,West,NBA,1983,False,7
David Thompson,West,NBA,1983,False,5
Kiki Vandeweghe,West,NBA,1983,False,2
Jamaal Wilkes,West,NBA,1983,False,3
Gus Williams,West,NBA,1983,False,2
Tiny Archibald,East,NBA,1982,False,6
Larry Bird,East,NBA,1982,False,12
Julius Erving,East,NBA,1982,False,16
Artis Gilmore,East,NBA,1982,False,11
Bobby Jones,East,NBA,1982,False,5
Bob Lanier,East,NBA,1982,False,8
Sidney Moncrief,East,NBA,1982,False,5
Robert Parish,East,NBA,1982,False,9
Micheal Ray Richardson,East,NBA,1982,False,4
Dan Roundfield,East,NBA,1982,True,3
Isiah Thomas,East,NBA,1982,False,12
Kelly Tripucka,East,NBA,1982,False,2
Buck Williams,East,NBA,1982,False,3
Kareem Abdul-Jabbar,West,NBA,1982,False,19
Adrian Dantley,West,NBA,1982,False,6
Alex English,West,NBA,1982,False,8
George Gervin,West,NBA,1982,False,12
Dennis Johnson,West,NBA,1982,False,5
Magic Johnson,West,NBA,1982,False,12
Bernard King,West,NBA,1982,False,4
Moses Malone,West,NBA,1982,False,13
Norm Nixon,West,NBA,1982,False,2
Lonnie Shelton,West,NBA,1982,False,1
Jack Sikma,West,NBA,1982,False,7
Gus Williams,West,NBA,1982,False,2
Tiny Archibald,East,NBA,1981,False,6
Larry Bird,East,NBA,1981,False,12
Julius Erving,East,NBA,1981,False,16
Artis Gilmore,East,NBA,1981,False,11
Eddie Johnson,East,NBA,1981,False,2
Marques Johnson,East,NBA,1981,False,5
Bobby Jones,East,NBA,1981,False,5
Mike Mitchell,East,NBA,1981,False,1
Robert Parish,East,NBA,1981,False,9
Micheal Ray Richardson,East,NBA,1981,False,4
Dan Roundfield,East,NBA,1981,True,3
Reggie Theus,East,NBA,1981,False,2
Kareem Abdul-Jabbar,West,NBA,1981,False,19
Otis Birdsong,West,NBA,1981,False,4
Adrian Dantley,West,NBA,1981,False,6
Walter Davis,West,NBA,1981,False,6
George Gervin,West,NBA,1981,False,12
Dennis Johnson,West,NBA,1981,False,5
Moses Malone,West,NBA,1981,False,13
Truck Robinson,West,NBA,1981,False,2
Jack Sikma,West,NBA,1981,False,7
Paul Westphal,West,NBA,1981,False,5
Jamaal Wilkes,West,NBA,1981,False,3
Tiny Archibald,East,NBA,1980,False,6
Larry Bird,East,NBA,1980,False,12
Bill Cartwright,East,NBA,1980,False,1
Dave Cowens,East,NBA,1980,True,8
John Drew,East,NBA,1980,False,2
Julius Erving,East,NBA,1980,False,16
George Gervin,East,NBA,1980,False,12
Elvin Hayes,East,NBA,1980,False,12
Eddie Johnson,East,NBA,1980,False,2
Moses Malone,East,NBA,1980,False,13
Micheal Ray Richardson,East,NBA,1980,False,4
Dan Roundfield,East,NBA,1980,False,3
Kareem Abdul-Jabbar,West,NBA,1980,False,19
Otis Birdsong,West,NBA,1980,False,4
Adrian Dantley,West,NBA,1980,False,6
Walter Davis,West,NBA,1980,False,6
World B. Free,West,NBA,1980,False,1
Dennis Johnson,West,NBA,1980,False,5
Marques Johnson,West,NBA,1980,False,5
Magic Johnson,West,NBA,1980,False,12
Jack Sikma,West,NBA,1980,False,7
Kermit Washington,West,NBA,1980,False,1
Scott Wedman,West,NBA,1980,True,2
Paul Westphal,West,NBA,1980,False,5
Doug Collins,East,NBA,1979,True,4
Bob Dandridge,East,NBA,1979,False,4
Julius Erving,East,NBA,1979,False,16
George Gervin,East,NBA,1979,False,12
Elvin Hayes,East,NBA,1979,False,12
Larry Kenon,East,NBA,1979,False,5
Bob Lanier,East,NBA,1979,False,8
Moses Malone,East,NBA,1979,False,13
Pete Maravich,East,NBA,1979,False,5
Calvin Murphy,East,NBA,1979,False,1
Campy Russell,East,NBA,1979,False,1
Rudy Tomjanovich,East,NBA,1979,False,5
Kareem Abdul-Jabbar,West,NBA,1979,False,19
Otis Birdsong,West,NBA,1979,False,4
Walter Davis,West,NBA,1979,False,6
Artis Gilmore,West,NBA,1979,False,11
Dennis Johnson,West,NBA,1979,False,5
Marques Johnson,West,NBA,1979,False,5
Maurice Lucas,West,NBA,1979,False,5
George McGinnis,West,NBA,1979,False,6
Jack Sikma,West,NBA,1979,False,7
David Thompson,West,NBA,1979,False,5
Paul Westphal,West,NBA,1979,False,5
Doug Collins,East,NBA,1978,False,4
Dave Cowens,East,NBA,1978,False,8
Julius Erving,East,NBA,1978,False,16
George Gervin,East,NBA,1978,False,12
John Havlicek,East,NBA,1978,False,13
Elvin Hayes,East,NBA,1978,False,12
Larry Kenon,East,NBA,1978,False,5
Billy Knight,East,NBA,1978,True,3
Moses Malone,East,NBA,1978,False,13
Pete Maravich,East,NBA,1978,True,5
Bob McAdoo,East,NBA,1978,False,5
Truck Robinson,East,NBA,1978,False,2
Randy Smith,East,NBA,1978,False,2
Rick Barry,West,NBA,1978,False,12
Walter Davis,West,NBA,1978,False,6
Artis Gilmore,West,NBA,1978,False,11
Lionel Hollins,West,NBA,1978,False,1
Bobby Jones,West,NBA,1978,False,5
Bob Lanier,West,NBA,1978,False,8
Maurice Lucas,West,NBA,1978,False,5
David Thompson,West,NBA,1978,False,5
Bill Walton,West,NBA,1978,False,2
Paul Westphal,West,NBA,1978,False,5
Brian Winters,West,NBA,1978,False,2
Phil Chenier,East,NBA,1977,False,3
Doug Collins,East,NBA,1977,False,4
Dave Cowens,East,NBA,1977,True,8
Julius Erving,East,NBA,1977,False,16
George Gervin,East,NBA,1977,False,12
John Havlicek,East,NBA,1977,False,13
Elvin Hayes,East,NBA,1977,False,12
Pete Maravich,East,NBA,1977,False,5
Bob McAdoo,East,NBA,1977,False,5
George McGinnis,East,NBA,1977,False,6
Earl Monroe,East,NBA,1977,False,4
Rudy Tomjanovich,East,NBA,1977,False,5
Jo Jo White,East,NBA,1977,False,7
Kareem Abdul-Jabbar,West,NBA,1977,False,19
Rick Barry,West,NBA,1977,False,12
Don Buse,West,NBA,1977,False,2
Dan Issel,West,NBA,1977,False,7
Bobby Jones,West,NBA,1977,False,5
Billy Knight,West,NBA,1977,False,3
Bob Lanier,West,NBA,1977,False,8
Maurice Lucas,West,NBA,1977,False,5
Phil Smith,West,NBA,1977,False,2
David Thompson,West,NBA,1977,False,5
Norm Van Lier,West,NBA,1977,False,3
Bill Walton,West,NBA,1977,True,2
Paul Westphal,West,NBA,1977,False,5
Marvin Barnes,All Stars,ABA,1976,False,2
Ron Boone,All Stars,ABA,1976,False,4
Don Buse,All Stars,ABA,1976,False,2
Julius Erving,All Stars,ABA,1976,False,16
George Gervin,All Stars,ABA,1976,False,12
Artis Gilmore,All Stars,ABA,1976,False,11
Larry Kenon,All Stars,ABA,1976,False,5
Billy Knight,All Stars,ABA,1976,False,3
Maurice Lucas,All Stars,ABA,1976,False,5
Billy Paultz,All Stars,ABA,1976,False,3
James Silas,All Stars,ABA,1976,False,2
Brian Taylor,All Stars,ABA,1976,False,2
Byron Beck,Denver,ABA,1976,False,2
Roger Brown,Denver,ABA,1976,False,5
Jimmy Foster,Denver,ABA,1976,False,1
Gus Gerard,Denver,ABA,1976,False,1
Dan Issel,Denver,ABA,1976,False,7
Bobby Jones,Denver,ABA,1976,False,5
Ralph Simpson,Denver,ABA,1976,False,5
Claude Terry,Denver,ABA,1976,False,1
David Thompson,Denver,ABA,1976,False,5
Monte Towe,Denver,ABA,1976,False,1
Chuck Williams,Denver,ABA,1976,False,2
Dave Bing,East,NBA,1976,False,7
Doug Collins,East,NBA,1976,False,4
Dave Cowens,East,NBA,1976,False,8
John Drew,East,NBA,1976,False,2
Walt Frazier,East,NBA,1976,False,7
John Havlicek,East,NBA,1976,False,13
Elvin Hayes,East,NBA,1976,False,12
Bob McAdoo,East,NBA,1976,False,5
George McGinnis,East,NBA,1976,False,6
Randy Smith,East,NBA,1976,False,2
Rudy Tomjanovich,East,NBA,1976,False,5
Jo Jo White,East,NBA,1976,False,7
Kareem Abdul-Jabbar,West,NBA,1976,False,19
Alvan Adams,West,NBA,1976,False,1
Tiny Archibald,West,NBA,1976,False,6
Rick Barry,West,NBA,1976,False,12
Fred Brown,West,NBA,1976,False,1
Bob Dandridge,West,NBA,1976,False,4
Curtis Rowe,West,NBA,1976,False,1
Phil Smith,West,NBA,1976,False,2
Norm Van Lier,West,NBA,1976,False,3
Scott Wedman,West,NBA,1976,False,2
Jamaal Wilkes,West,NBA,1976,False,3
Brian Winters,West,NBA,1976,False,2
Marvin Barnes,East,ABA,1975,False,2
Louie Dampier,East,ABA,1975,False,7
Julius Erving,East,ABA,1975,False,16
Artis Gilmore,East,ABA,1975,False,11
Dan Issel,East,ABA,1975,False,7
Stew Johnson,East,ABA,1975,False,3
Larry Kenon,East,ABA,1975,False,5
Freddie Lewis,East,ABA,1975,False,3
Billy Paultz,East,ABA,1975,False,3
Brian Taylor,East,ABA,1975,False,2
Dave Twardzik,East,ABA,1975,False,1
Ron Boone,West,ABA,1975,False,4
Mack Calvin,West,ABA,1975,False,5
George Gervin,West,ABA,1975,False,12
Mike Green,West,ABA,1975,False,1
Caldwell Jones,West,ABA,1975,False,1
Moses Malone,West,ABA,1975,False,13
George McGinnis,West,ABA,1975,False,6
Swen Nater,West,ABA,1975,False,2
James Silas,West,ABA,1975,False,2
Ralph Simpson,West,ABA,1975,False,5
Phil Chenier,East,NBA,1975,False,3
Dave Cowens,East,NBA,1975,False,8
Walt Frazier,East,NBA,1975,False,7
John Havlicek,East,NBA,1975,False,13
Elvin Hayes,East,NBA,1975,False,12
Bob McAdoo,East,NBA,1975,False,5
Steve Mix,East,NBA,1975,False,1
Earl Monroe,East,NBA,1975,False,4
Paul Silas,East,NBA,1975,False,2
Rudy Tomjanovich,East,NBA,1975,False,5
Wes Unseld,East,NBA,1975,False,5
Jo Jo White,East,NBA,1975,False,7
Kareem Abdul-Jabbar,West,NBA,1975,False,19
Tiny Archibald,West,NBA,1975,False,6
Rick Barry,West,NBA,1975,False,12
Dave Bing,West,NBA,1975,False,7
Bob Dandridge,West,NBA,1975,False,4
Gail Goodrich,West,NBA,1975,False,5
Spencer Haywood,West,NBA,1975,False,5
Sam Lacey,West,NBA,1975,False,1
Bob Lanier,West,NBA,1975,False,8
Jim Price,West,NBA,1975,False,1
Charlie Scott,West,NBA,1975,False,5
Sidney Wicks,West,NBA,1975,False,4
Mack Calvin,East,ABA,1974,False,5
Louie Dampier,East,ABA,1974,False,7
Jim Eakins,East,ABA,1974,False,1
Julius Erving,East,ABA,1974,False,16
George Gervin,East,ABA,1974,False,12
Artis Gilmore,East,ABA,1974,False,11
Dan Issel,East,ABA,1974,False,7
Larry Kenon,East,ABA,1974,False,5
Ted McClain,East,ABA,1974,False,1
George Thompson,East,ABA,1974,False,3
Ron Boone,West,ABA,1974,False,4
Mel Daniels,West,ABA,1974,False,7
Warren Jabali,West,ABA,1974,False,4
Stew Johnson,West,ABA,1974,False,3
Jimmy Jones,West,ABA,1974,False,6
Rich Jones,West,ABA,1974,False,2
George McGinnis,West,ABA,1974,False,6
Swen Nater,West,ABA,1974,False,2
Ralph Simpson,West,ABA,1974,False,5
Willie Wise,West,ABA,1974,False,3
Austin Carr,East,NBA,1974,False,1
Phil Chenier,East,NBA,1974,False,3
Dave Cowens,East,NBA,1974,False,8
Dave DeBusschere,East,NBA,1974,False,8
Walt Frazier,East,NBA,1974,False,7
John Havlicek,East,NBA,1974,False,13
Elvin Hayes,East,NBA,1974,False,12
Lou Hudson,East,NBA,1974,False,6
Pete Maravich,East,NBA,1974,False,5
Bob McAdoo,East,NBA,1974,False,5
Rudy Tomjanovich,East,NBA,1974,False,5
Jo Jo White,East,NBA,1974,False,7
Kareem Abdul-Jabbar,West,NBA,1974,False,19
Rick Barry,West,NBA,1974,False,12
Dave Bing,West,NBA,1974,False,7
Gail Goodrich,West,NBA,1974,False,5
Spencer Haywood,West,NBA,1974,False,5
Bob Lanier,West,NBA,1974,False,8
Geoff Petrie,West,NBA,1974,False,2
Charlie Scott,West,NBA,1974,False,5
Nate Thurmond,West,NBA,1974,False,7
Norm Van Lier,West,NBA,1974,False,3
Chet Walker,West,NBA,1974,False,7
Jerry West,West,NBA,1974,True,14
Sidney Wicks,West,NBA,1974,False,4
Joe Caldwell,East,ABA,1973,False,4
Mack Calvin,East,ABA,1973,False,5
Billy Cunningham,East,ABA,1973,False,5
Louie Dampier,East,ABA,1973,False,7
Julius Erving,East,ABA,1973,False,16
Artis Gilmore,East,ABA,1973,False,11
Dan Issel,East,ABA,1973,False,7
Bill Melchionni,East,ABA,1973,False,3
Billy Paultz,East,ABA,1973,False,3
George Thompson,East,ABA,1973,False,3
Zelmo Beaty,West,ABA,1973,False,5
Mel Daniels,West,ABA,1973,False,7
Warren Jabali,West,ABA,1973,False,4
Stew Johnson,West,ABA,1973,False,3
Jimmy Jones,West,ABA,1973,False,6
Rich Jones,West,ABA,1973,False,2
George McGinnis,West,ABA,1973,False,6
Ralph Simpson,West,ABA,1973,False,5
Chuck Williams,West,ABA,1973,False,2
Willie Wise,West,ABA,1973,False,3
John Block,East,NBA,1973,False,1
Bill Bradley,East,NBA,1973,False,1
Dave Cowens,East,NBA,1973,False,8
Dave DeBusschere,East,NBA,1973,False,8
Walt Frazier,East,NBA,1973,False,7
John Havlicek,East,NBA,1973,False,13
Elvin Hayes,East,NBA,1973,False,12
Lou Hudson,East,NBA,1973,False,6
Bob Kauffman,East,NBA,1973,False,3
Pete Maravich,East,NBA,1973,False,5
Jack Marin,East,NBA,1973,False,2
Wes Unseld,East,NBA,1973,False,5
Jo Jo White,East,NBA,1973,False,7
Lenny Wilkens,East,NBA,1973,False,9
Kareem Abdul-Jabbar,West,NBA,1973,True,19
Tiny Archibald,West,NBA,1973,False,6
Rick Barry,West,NBA,1973,True,12
Dave Bing,West,NBA,1973,False,7
Wilt Chamberlain,West,NBA,1973,False,13
Bob Dandridge,West,NBA,1973,False,4
Gail Goodrich,West,NBA,1973,False,5
Connie Hawkins,West,NBA,1973,False,5
Spencer Haywood,West,NBA,1973,False,5
Bob Lanier,West,NBA,1973,False,8
Bob Love,West,NBA,1973,False,3
Charlie Scott,West,NBA,1973,False,5
Nate Thurmond,West,NBA,1973,False,7
Chet Walker,West,NBA,1973,False,7
Jerry West,West,NBA,1973,False,14
Sidney Wicks,West,NBA,1973,False,4
Rick Barry,East,ABA,1972,False,12
John Brisker,East,ABA,1972,False,2
Mack Calvin,East,ABA,1972,False,5
Louie Dampier,East,ABA,1972,False,7
Julius Erving,East,ABA,1972,False,16
Artis Gilmore,East,ABA,1972,False,11
Dan Issel,East,ABA,1972,False,7
Warren Jabali,East,ABA,1972,False,4
Jim McDaniels,East,ABA,1972,False,1
Bill Melchionni,East,ABA,1972,False,3
Charlie Scott,East,ABA,1972,False,5
George Thompson,East,ABA,1972,False,3
Zelmo Beaty,West,ABA,1972,False,5
Arthur Becker,West,ABA,1972,False,2
Roger Brown,West,ABA,1972,False,5
Glen Combs,West,ABA,1972,False,3
Mel Daniels,West,ABA,1972,False,7
Donnie Freeman,West,ABA,1972,False,5
Steve Jones,West,ABA,1972,False,3
Wil Jones,West,ABA,1972,False,1
Wendell Ladner,West,ABA,1972,False,2
Freddie Lewis,West,ABA,1972,False,3
Ralph Simpson,West,ABA,1972,False,5
Willie Wise,West,ABA,1972,False,3
Butch Beard,East,NBA,1972,False,1
Archie Clark,East,NBA,1972,False,2
Dave Cowens,East,NBA,1972,False,8
Billy Cunningham,East,NBA,1972,False,5
Dave DeBusschere,East,NBA,1972,False,8
Walt Frazier,East,NBA,1972,False,7
John Havlicek,East,NBA,1972,False,13
Lou Hudson,East,NBA,1972,False,6
John Johnson,East,NBA,1972,False,2
Bob Kauffman,East,NBA,1972,False,3
Jack Marin,East,NBA,1972,False,2
Wes Unseld,East,NBA,1972,False,5
Tom Van Arsdale,East,NBA,1972,False,3
Jo Jo White,East,NBA,1972,False,7
Kareem Abdul-Jabbar,West,NBA,1972,False,19
Wilt Chamberlain,West,NBA,1972,False,13
Gail Goodrich,West,NBA,1972,False,5
Connie Hawkins,West,NBA,1972,False,5
Elvin Hayes,West,NBA,1972,False,12
Spencer Haywood,West,NBA,1972,False,5
Bob Lanier,West,NBA,1972,False,8
Bob Love,West,NBA,1972,False,3
Oscar Robertson,West,NBA,1972,False,12
Cazzie Russell,West,NBA,1972,False,1
Paul Silas,West,NBA,1972,False,2
Jimmy Walker,West,NBA,1972,False,2
Jerry West,West,NBA,1972,False,14
Sidney Wicks,West,NBA,1972,False,4
Rick Barry,East,ABA,1971,False,12
John Brisker,East,ABA,1971,False,2
Joe Caldwell,East,ABA,1971,False,4
Mack Calvin,East,ABA,1971,False,5
George Carter,East,ABA,1971,False,1
Dan Issel,East,ABA,1971,False,7
Neil Johnson,East,ABA,1971,False,1
Larry Jones,East,ABA,1971,False,4
Mike Lewis,East,ABA,1971,False,2
Bill Melchionni,East,ABA,1971,False,3
Cincinnatus Powell,East,ABA,1971,False,2
Charlie Scott,East,ABA,1971,False,5
Zelmo Beaty,West,ABA,1971,False,5
Ron Boone,West,ABA,1971,False,4
Roger Brown,West,ABA,1971,False,5
Glen Combs,West,ABA,1971,False,3
Mel Daniels,West,ABA,1971,False,7
Donnie Freeman,West,ABA,1971,False,5
Jimmy Jones,West,ABA,1971,False,6
Steve Jones,West,ABA,1971,False,3
Julius Keye,West,ABA,1971,False,1
Wendell Ladner,West,ABA,1971,False,2
Bob Netolicky,West,ABA,1971,False,4
Red Robbins,West,ABA,1971,False,4
Billy Cunningham,East,NBA,1971,False,5
Dave DeBusschere,East,NBA,1971,False,8
Walt Frazier,East,NBA,1971,False,7
Johnny Green,East,NBA,1971,False,4
John Havlicek,East,NBA,1971,False,13
Lou Hudson,East,NBA,1971,False,6
Gus Johnson,East,NBA,1971,False,5
John Johnson,East,NBA,1971,False,2
Bob Kauffman,East,NBA,1971,False,3
Earl Monroe,East,NBA,1971,False,4
Willis Reed,East,NBA,1971,False,7
Wes Unseld,East,NBA,1971,False,5
Tom Van Arsdale,East,NBA,1971,False,3
Jo Jo White,East,NBA,1971,False,7
Kareem Abdul-Jabbar,West,NBA,1971,False,19
Dave Bing,West,NBA,1971,False,7
Wilt Chamberlain,West,NBA,1971,False,13
Connie Hawkins,West,NBA,1971,False,5
Elvin Hayes,West,NBA,1971,False,12
Bob Love,West,NBA,1971,False,3
Jerry Lucas,West,NBA,1971,False,7
Jeff Mullins,West,NBA,1971,False,3
Geoff Petrie,West,NBA,1971,False,2
Oscar Robertson,West,NBA,1971,False,12
Dick Van Arsdale,West,NBA,1971,False,3
Chet Walker,West,NBA,1971,False,7
Jerry West,West,NBA,1971,False,14
Lenny Wilkens,West,NBA,1971,False,9
Roger Brown,East,ABA,1970,False,5
Darel Carrier,East,ABA,1970,False,3
Louie Dampier,East,ABA,1970,False,7
Mel Daniels,East,ABA,1970,False,7
Donnie Freeman,East,ABA,1970,False,5
Mike Lewis,East,ABA,1970,False,2
Doug Moe,East,ABA,1970,False,3
Gene Moore,East,ABA,1970,False,1
Bob Netolicky,East,ABA,1970,False,4
Levern Tart,East,ABA,1970,False,2
Bob Verga,East,ABA,1970,False,1
Charlie Williams,East,ABA,1970,False,2
Rick Barry,West,ABA,1970,False,12
John Beasley,West,ABA,1970,False,3
Larry Brown,West,ABA,1970,False,3
Glen Combs,West,ABA,1970,False,3
Warren Davis,West,ABA,1970,False,2
Gerald Govan,West,ABA,1970,False,1
Spencer Haywood,West,ABA,1970,False,5
Warren Jabali,West,ABA,1970,False,4
Jimmy Jones,West,ABA,1970,False,6
Larry Jones,West,ABA,1970,False,4
Steve Jones,West,ABA,1970,False,3
Cincinnatus Powell,West,ABA,1970,False,2
Red Robbins,West,ABA,1970,True,4
Kareem Abdul-Jabbar,East,NBA,1970,False,19
Billy Cunningham,East,NBA,1970,False,5
Dave DeBusschere,East,NBA,1970,False,8
Walt Frazier,East,NBA,1970,False,7
Hal Greer,East,NBA,1970,False,10
John Havlicek,East,NBA,1970,False,13
Gus Johnson,East,NBA,1970,False,5
Willis Reed,East,NBA,1970,False,7
Oscar Robertson,East,NBA,1970,False,12
Flynn Robinson,East,NBA,1970,False,1
Tom Van Arsdale,East,NBA,1970,False,3
Jimmy Walker,East,NBA,1970,False,2
Elgin Baylor,West,NBA,1970,False,11
Bill Bridges,West,NBA,1970,False,3
Joe Caldwell,West,NBA,1970,False,4
Connie Hawkins,West,NBA,1970,False,5
Elvin Hayes,West,NBA,1970,False,12
Lou Hudson,West,NBA,1970,False,6
Jeff Mullins,West,NBA,1970,False,3
Bob Rule,West,NBA,1970,False,1
Nate Thurmond,West,NBA,1970,True,7
Dick Van Arsdale,West,NBA,1970,False,3
Chet Walker,West,NBA,1970,False,7
Jerry West,West,NBA,1970,False,14
Lenny Wilkens,West,NBA,1970,False,9
Darel Carrier,East,ABA,1969,False,3
Louie Dampier,East,ABA,1969,False,7
Mel Daniels,East,ABA,1969,False,7
Donnie Freeman,East,ABA,1969,False,5
Les Hunter,East,ABA,1969,False,2
Goose Ligon,East,ABA,1969,False,1
Bob Netolicky,East,ABA,1969,False,4
Walter Simon,East,ABA,1969,False,1
Skip Thoren,East,ABA,1969,False,1
Trooper Washington,East,ABA,1969,False,1
Charlie Williams,East,ABA,1969,False,2
Rick Barry,West,ABA,1969,False,12
John Beasley,West,ABA,1969,False,3
Byron Beck,West,ABA,1969,False,2
Larry Brown,West,ABA,1969,False,3
Warren Davis,West,ABA,1969,False,2
Wayne Hightower,West,ABA,1969,False,1
Mervin Jackson,West,ABA,1969,False,1
Jimmy Jones,West,ABA,1969,False,6
Larry Jones,West,ABA,1969,False,4
Doug Moe,West,ABA,1969,False,3
Red Robbins,West,ABA,1969,False,4
Willie Somerset,West,ABA,1969,False,1
Dave Bing,East,NBA,1969,False,7
Billy Cunningham,East,NBA,1969,False,5
Hal Greer,East,NBA,1969,False,10
John Havlicek,East,NBA,1969,False,13
Gus Johnson,East,NBA,1969,False,5
Jerry Lucas,East,NBA,1969,False,7
Jon McGlocklin,East,NBA,1969,False,1
Earl Monroe,East,NBA,1969,False,4
Willis Reed,East,NBA,1969,False,7
Oscar Robertson,East,NBA,1969,False,12
Bill Russell,East,NBA,1969,False,12
Wes Unseld,East,NBA,1969,False,5
Elgin Baylor,West,NBA,1969,False,11
Joe Caldwell,West,NBA,1969,False,4
Wilt Chamberlain,West,NBA,1969,False,13
Gail Goodrich,West,NBA,1969,False,5
Elvin Hayes,West,NBA,1969,False,12
Lou Hudson,West,NBA,1969,False,6
Don Kojis,West,NBA,1969,False,2
Rudy LaRusso,West,NBA,1969,False,5
Jeff Mullins,West,NBA,1969,False,3
Jerry Sloan,West,NBA,1969,False,2
Dick Van Arsdale,West,NBA,1969,False,3
Jerry West,West,NBA,1969,True,14
Lenny Wilkens,West,NBA,1969,False,9
Roger Brown,East,ABA,1968,False,5
Darel Carrier,East,ABA,1968,False,3
Louie Dampier,East,ABA,1968,False,7
Mel Daniels,East,ABA,1968,False,7
Donnie Freeman,East,ABA,1968,False,5
Connie Hawkins,East,ABA,1968,False,5
Les Hunter,East,ABA,1968,False,2
Tony Jackson,East,ABA,1968,False,1
Freddie Lewis,East,ABA,1968,False,3
Randolph Mahaffey,East,ABA,1968,False,1
Bob Netolicky,East,ABA,1968,False,4
Chico Vaughn,East,ABA,1968,False,1
John Beasley,West,ABA,1968,False,3
Arthur Becker,West,ABA,1968,False,2
Larry Brown,West,ABA,1968,False,3
Larry Bunce,West,ABA,1968,False,1
Cliff Hagan,West,ABA,1968,False,6
Jimmy Jones,West,ABA,1968,False,6
Larry Jones,West,ABA,1968,False,4
Dewitt Menyard,West,ABA,1968,False,1
Doug Moe,West,ABA,1968,False,3
Red Robbins,West,ABA,1968,False,4
Levern Tart,West,ABA,1968,False,2
Ben Warley,West,ABA,1968,False,1
Dick Barnett,East,NBA,1968,False,1
Dave Bing,East,NBA,1968,False,7
Wilt Chamberlain,East,NBA,1968,False,13
Dave DeBusschere,East,NBA,1968,False,8
Hal Greer,East,NBA,1968,False,10
John Havlicek,East,NBA,1968,False,13
Gus Johnson,East,NBA,1968,False,5
Sam Jones,East,NBA,1968,False,5
Jerry Lucas,East,NBA,1968,False,7
Willis Reed,East,NBA,1968,False,7
Oscar Robertson,East,NBA,1968,False,12
Bill Russell,East,NBA,1968,False,12
Walt Hazzard,West,NBA,1968,False,1
Elgin Baylor,West,NBA,1968,False,11
Zelmo Beaty,West,NBA,1968,False,5
Bob Boozer,West,NBA,1968,False,1
Bill Bridges,West,NBA,1968,False,3
Archie Clark,West,NBA,1968,False,2
Jim King,West,NBA,1968,False,1
Don Kojis,West,NBA,1968,False,2
Rudy LaRusso,West,NBA,1968,False,5
Clyde Lee,West,NBA,1968,False,1
Nate Thurmond,West,NBA,1968,True,7
Jerry West,West,NBA,1968,False,14
Lenny Wilkens,West,NBA,1968,False,9
Wilt Chamberlain,East,NBA,1967,False,13
Hal Greer,East,NBA,1967,False,10
John Havlicek,East,NBA,1967,False,13
Bailey Howell,East,NBA,1967,False,6
Jerry Lucas,East,NBA,1967,False,7
Don Ohl,East,NBA,1967,False,5
Willis Reed,East,NBA,1967,False,7
Oscar Robertson,East,NBA,1967,False,12
Bill Russell,East,NBA,1967,False,12
Chet Walker,East,NBA,1967,False,7
Rick Barry,West,NBA,1967,False,12
Elgin Baylor,West,NBA,1967,False,11
Bill Bridges,West,NBA,1967,False,3
Dave DeBusschere,West,NBA,1967,False,8
Darrall Imhoff,West,NBA,1967,False,1
Guy Rodgers,West,NBA,1967,False,4
Jerry Sloan,West,NBA,1967,False,2
Nate Thurmond,West,NBA,1967,False,7
Jerry West,West,NBA,1967,False,14
Lenny Wilkens,West,NBA,1967,False,9
Wilt Chamberlain,East,NBA,1966,False,13
Hal Greer,East,NBA,1966,False,10
John Havlicek,East,NBA,1966,False,13
Sam Jones,East,NBA,1966,False,5
Jerry Lucas,East,NBA,1966,False,7
Willis Reed,East,NBA,1966,False,7
Oscar Robertson,East,NBA,1966,False,12
Bill Russell,East,NBA,1966,False,12
Adrian Smith,East,NBA,1966,False,1
Chet Walker,East,NBA,1966,False,7
Rick Barry,West,NBA,1966,False,12
Zelmo Beaty,West,NBA,1966,False,5
Dave DeBusschere,West,NBA,1966,False,8
Bailey Howell,West,NBA,1966,False,6
Rudy LaRusso,West,NBA,1966,False,5
Eddie Miles,West,NBA,1966,False,1
Don Ohl,West,NBA,1966,False,5
Guy Rodgers,West,NBA,1966,False,4
Nate Thurmond,West,NBA,1966,False,7
Jerry West,West,NBA,1966,False,14
Larry Costello,East,NBA,1965,False,6
Wayne Embry,East,NBA,1965,False,5
Johnny Green,East,NBA,1965,False,4
Hal Greer,East,NBA,1965,False,10
Tom Heinsohn,East,NBA,1965,True,6
Luke Jackson,East,NBA,1965,False,1
Sam Jones,East,NBA,1965,False,5
Jerry Lucas,East,NBA,1965,False,7
Willis Reed,East,NBA,1965,False,7
Oscar Robertson,East,NBA,1965,False,12
Bill Russell,East,NBA,1965,False,12
Elgin Baylor,West,NBA,1965,False,11
Walt Bellamy,West,NBA,1965,False,4
Wilt Chamberlain,West,NBA,1965,False,13
Terry Dischinger,West,NBA,1965,False,3
Gus Johnson,West,NBA,1965,False,5
Don Ohl,West,NBA,1965,False,5
Bob Pettit,West,NBA,1965,False,11
Nate Thurmond,West,NBA,1965,False,7
Jerry West,West,NBA,1965,False,14
Lenny Wilkens,West,NBA,1965,False,9
Len Chappell,East,NBA,1964,False,1
Wayne Embry,East,NBA,1964,False,5
Tom Gola,East,NBA,1964,False,5
Hal Greer,East,NBA,1964,False,10
Tom Heinsohn,East,NBA,1964,False,6
Sam Jones,East,NBA,1964,False,5
Jerry Lucas,East,NBA,1964,False,7
Oscar Robertson,East,NBA,1964,False,12
Bill Russell,East,NBA,1964,False,12
Chet Walker,East,NBA,1964,False,7
Elgin Baylor,West,NBA,1964,False,11
Walt Bellamy,West,NBA,1964,False,4
Wilt Chamberlain,West,NBA,1964,False,13
Terry Dischinger,West,NBA,1964,False,3
Bailey Howell,West,NBA,1964,False,6
Don Ohl,West,NBA,1964,False,5
Bob Pettit,West,NBA,1964,False,11
Guy Rodgers,West,NBA,1964,False,4
Jerry West,West,NBA,1964,False,14
Lenny Wilkens,West,NBA,1964,False,9
Bob Cousy,East,NBA,1963,False,13
Wayne Embry,East,NBA,1963,True,5
Tom Gola,East,NBA,1963,False,5
Johnny Green,East,NBA,1963,False,4
Hal Greer,East,NBA,1963,False,10
Richie Guerin,East,NBA,1963,False,6
Tom Heinsohn,East,NBA,1963,False,6
Red Kerr,East,NBA,1963,False,3
Oscar Robertson,East,NBA,1963,False,12
Bill Russell,East,NBA,1963,False,12
Lee Shaffer,East,NBA,1963,False,1
Jack Twyman,East,NBA,1963,False,6
Elgin Baylor,West,NBA,1963,False,11
Walt Bellamy,West,NBA,1963,False,4
Wilt Chamberlain,West,NBA,1963,False,13
Terry Dischinger,West,NBA,1963,False,3
Bailey Howell,West,NBA,1963,False,6
Rudy LaRusso,West,NBA,1963,False,5
Tom Meschery,West,NBA,1963,False,1
Don Ohl,West,NBA,1963,False,5
Bob Pettit,West,NBA,1963,False,11
Guy Rodgers,West,NBA,1963,False,4
Jerry West,West,NBA,1963,False,14
Lenny Wilkens,West,NBA,1963,False,9
Paul Arizin,East,NBA,1962,False,10
Wilt Chamberlain,East,NBA,1962,False,13
Larry Costello,East,NBA,1962,True,6
Bob Cousy,East,NBA,1962,False,13
Tom Gola,East,NBA,1962,True,5
Johnny Green,East,NBA,1962,False,4
Hal Greer,East,NBA,1962,False,10
Richie Guerin,East,NBA,1962,False,6
Tom Heinsohn,East,NBA,1962,False,6
Sam Jones,East,NBA,1962,False,5
Willie Naulls,East,NBA,1962,False,4
Bill Russell,East,NBA,1962,False,12
Dolph Schayes,East,NBA,1962,False,12
Elgin Baylor,West,NBA,1962,False,11
Walt Bellamy,West,NBA,1962,False,4
Wayne Embry,West,NBA,1962,False,5
Cliff Hagan,West,NBA,1962,False,6
Bailey Howell,West,NBA,1962,False,6
Rudy LaRusso,West,NBA,1962,True,5
Bob Pettit,West,NBA,1962,False,11
Oscar Robertson,West,NBA,1962,False,12
Frank Selvy,West,NBA,1962,False,2
Gene Shue,West,NBA,1962,False,5
Jack Twyman,West,NBA,1962,False,6
Jerry West,West,NBA,1962,False,14
Paul Arizin,East,NBA,1961,False,10
Wilt Chamberlain,East,NBA,1961,False,13
Larry Costello,East,NBA,1961,False,6
Bob Cousy,East,NBA,1961,False,13
Tom Gola,East,NBA,1961,False,5
Hal Greer,East,NBA,1961,False,10
Richie Guerin,East,NBA,1961,False,6
Tom Heinsohn,East,NBA,1961,False,6
Willie Naulls,East,NBA,1961,False,4
Bill Russell,East,NBA,1961,False,12
Dolph Schayes,East,NBA,1961,False,12
Elgin Baylor,West,NBA,1961,False,11
Walter Dukes,West,NBA,1961,False,2
Wayne Embry,West,NBA,1961,False,5
Cliff Hagan,West,NBA,1961,False,6
Bailey Howell,West,NBA,1961,False,6
Hot Rod Hundley,West,NBA,1961,False,2
Clyde Lovellette,West,NBA,1961,False,4
Bob Pettit,West,NBA,1961,False,11
Oscar Robertson,West,NBA,1961,False,12
Gene Shue,West,NBA,1961,False,5
Jerry West,West,NBA,1961,False,14
Paul Arizin,East,NBA,1960,True,10
Wilt Chamberlain,East,NBA,1960,False,13
Larry Costello,East,NBA,1960,False,6
Bob Cousy,East,NBA,1960,False,13
Tom Gola,East,NBA,1960,False,5
Richie Guerin,East,NBA,1960,False,6
Willie Naulls,East,NBA,1960,False,4
Bill Russell,East,NBA,1960,False,12
Dolph Schayes,East,NBA,1960,False,12
Bill Sharman,East,NBA,1960,False,8
George Yardley,East,NBA,1960,False,6
Elgin Baylor,West,NBA,1960,False,11
Walter Dukes,West,NBA,1960,False,2
Dick Garmaker,West,NBA,1960,False,4
Cliff Hagan,West,NBA,1960,False,6
Hot Rod Hundley,West,NBA,1960,False,2
Clyde Lovellette,West,NBA,1960,False,4
Chuck Noble,West,NBA,1960,False,1
Bob Pettit,West,NBA,1960,False,11
Gene Shue,West,NBA,1960,False,5
Jack Twyman,West,NBA,1960,False,6
Paul Arizin,East,NBA,1959,False,10
Larry Costello,East,NBA,1959,False,6
Bob Cousy,East,NBA,1959,False,13
Richie Guerin,East,NBA,1959,False,6
Red Kerr,East,NBA,1959,False,3
Bill Russell,East,NBA,1959,False,12
Woody Sauldsberry,East,NBA,1959,False,1
Dolph Schayes,East,NBA,1959,False,12
Kenny Sears,East,NBA,1959,False,2
Bill Sharman,East,NBA,1959,False,8
Elgin Baylor,West,NBA,1959,False,11
Larry Foust,West,NBA,1959,False,8
Dick Garmaker,West,NBA,1959,False,4
Cliff Hagan,West,NBA,1959,False,6
Slater Martin,West,NBA,1959,False,7
Dick McGuire,West,NBA,1959,False,7
Bob Pettit,West,NBA,1959,False,11
Gene Shue,West,NBA,1959,False,5
Jack Twyman,West,NBA,1959,False,6
George Yardley,West,NBA,1959,False,6
Paul Arizin,East,NBA,1958,False,10
Larry Costello,East,NBA,1958,False,6
Bob Cousy,East,NBA,1958,False,13
Richie Guerin,East,NBA,1958,False,6
Neil Johnston,East,NBA,1958,False,6
Willie Naulls,East,NBA,1958,False,4
Bill Russell,East,NBA,1958,False,12
Dolph Schayes,East,NBA,1958,False,12
Kenny Sears,East,NBA,1958,False,2
Bill Sharman,East,NBA,1958,False,8
Larry Foust,West,NBA,1958,False,8
Dick Garmaker,West,NBA,1958,False,4
Cliff Hagan,West,NBA,1958,True,6
Slater Martin,West,NBA,1958,False,7
Dick McGuire,West,NBA,1958,False,7
Bob Pettit,West,NBA,1958,False,11
Gene Shue,West,NBA,1958,False,5
Maurice Stokes,West,NBA,1958,False,3
Jack Twyman,West,NBA,1958,False,6
George Yardley,West,NBA,1958,False,6
Paul Arizin,East,NBA,1957,False,10
Carl Braun,East,NBA,1957,False,5
Nat Clifton,East,NBA,1957,False,1
Bob Cousy,East,NBA,1957,False,13
Harry Gallatin,East,NBA,1957,False,7
Jack George,East,NBA,1957,False,2
Tom Heinsohn,East,NBA,1957,False,6
Neil Johnston,East,NBA,1957,False,6
Dolph Schayes,East,NBA,1957,False,12
Bill Sharman,East,NBA,1957,False,8
Dick Garmaker,West,NBA,1957,False,4
Mel Hutchins,West,NBA,1957,False,4
Clyde Lovellette,West,NBA,1957,True,4
Ed Macauley,West,NBA,1957,False,7
Slater Martin,West,NBA,1957,False,7
Vern Mikkelsen,West,NBA,1957,False,6
Bob Pettit,West,NBA,1957,False,11
Richie Regan,West,NBA,1957,False,1
Maurice Stokes,West,NBA,1957,False,3
Jack Twyman,West,NBA,1957,False,6
George Yardley,West,NBA,1957,False,6
Paul Arizin,East,NBA,1956,False,10
Carl Braun,East,NBA,1956,True,5
Bob Cousy,East,NBA,1956,False,13
Harry Gallatin,East,NBA,1956,False,7
Jack George,East,NBA,1956,False,2
Neil Johnston,East,NBA,1956,False,6
Red Kerr,East,NBA,1956,False,3
Ed Macauley,East,NBA,1956,False,7
Dick McGuire,East,NBA,1956,False,7
Dolph Schayes,East,NBA,1956,False,12
Bill Sharman,East,NBA,1956,False,8
Larry Foust,West,NBA,1956,False,8
Bob Harrison,West,NBA,1956,False,1
Mel Hutchins,West,NBA,1956,False,4
Clyde Lovellette,West,NBA,1956,False,4
Slater Martin,West,NBA,1956,False,7
Vern Mikkelsen,West,NBA,1956,False,6
Bob Pettit,West,NBA,1956,False,11
Maurice Stokes,West,NBA,1956,False,3
Bobby Wanzer,West,NBA,1956,False,5
George Yardley,West,NBA,1956,False,6
Paul Arizin,East,NBA,1955,False,10
Carl Braun,East,NBA,1955,False,5
Bob Cousy,East,NBA,1955,False,13
Harry Gallatin,East,NBA,1955,False,7
Neil Johnston,East,NBA,1955,False,6
Ed Macauley,East,NBA,1955,False,7
Dick McGuire,East,NBA,1955,False,7
Dolph Schayes,East,NBA,1955,False,12
Paul Seymour,East,NBA,1955,False,3
Bill Sharman,East,NBA,1955,False,8
Jack Coleman,West,NBA,1955,False,1
Larry Foust,West,NBA,1955,False,8
Slater Martin,West,NBA,1955,False,7
Vern Mikkelsen,West,NBA,1955,False,6
Bob Pettit,West,NBA,1955,False,11
Andy Phillip,West,NBA,1955,False,5
Jim Pollard,West,NBA,1955,False,4
Arnie Risen,West,NBA,1955,True,4
Frank Selvy,West,NBA,1955,False,2
Bobby Wanzer,West,NBA,1955,False,5
George Yardley,West,NBA,1955,False,6
Carl Braun,East,NBA,1954,False,5
Bob Cousy,East,NBA,1954,False,13
Ray Felix,East,NBA,1954,False,1
Harry Gallatin,East,NBA,1954,False,7
Neil Johnston,East,NBA,1954,False,6
Ed Macauley,East,NBA,1954,False,7
Dick McGuire,East,NBA,1954,False,7
Dolph Schayes,East,NBA,1954,False,12
Paul Seymour,East,NBA,1954,False,3
Bill Sharman,East,NBA,1954,False,8
Bob Davies,West,NBA,1954,False,4
Larry Foust,West,NBA,1954,False,8
Mel Hutchins,West,NBA,1954,False,4
Slater Martin,West,NBA,1954,False,7
George Mikan,West,NBA,1954,False,4
Jack Molinas,West,NBA,1954,True,1
Andy Phillip,West,NBA,1954,False,5
Jim Pollard,West,NBA,1954,False,4
Arnie Risen,West,NBA,1954,False,4
Don Sunderlage,West,NBA,1954,False,1
Bobby Wanzer,West,NBA,1954,False,5
Don Barksdale,East,NBA,1953,False,1
Carl Braun,East,NBA,1953,False,5
Bob Cousy,East,NBA,1953,False,13
Bill Gabor,East,NBA,1953,False,1
Harry Gallatin,East,NBA,1953,False,7
Neil Johnston,East,NBA,1953,False,6
Ed Macauley,East,NBA,1953,False,7
Dolph Schayes,East,NBA,1953,False,12
Fred Scolari,East,NBA,1953,True,2
Paul Seymour,East,NBA,1953,False,3
Bill Sharman,East,NBA,1953,False,8
Leo Barnhorst,West,NBA,1953,False,2
Bob Davies,West,NBA,1953,False,4
Larry Foust,West,NBA,1953,False,8
Mel Hutchins,West,NBA,1953,False,4
Slater Martin,West,NBA,1953,False,7
George Mikan,West,NBA,1953,False,4
Vern Mikkelsen,West,NBA,1953,False,6
Andy Phillip,West,NBA,1953,False,5
Arnie Risen,West,NBA,1953,False,4
Bobby Wanzer,West,NBA,1953,False,5
Paul Arizin,East,NBA,1952,False,10
Bob Cousy,East,NBA,1952,False,13
Joe Fulks,East,NBA,1952,False,2
Harry Gallatin,East,NBA,1952,False,7
Ed Macauley,East,NBA,1952,False,7
Dick McGuire,East,NBA,1952,False,7
Andy Phillip,East,NBA,1952,False,5
Red Rocha,East,NBA,1952,False,2
Dolph Schayes,East,NBA,1952,True,12
Fred Scolari,East,NBA,1952,False,2
Max Zaslofsky,East,NBA,1952,False,1
Leo Barnhorst,West,NBA,1952,False,2
Frankie Brian,West,NBA,1952,False,2
Bob Davies,West,NBA,1952,False,4
Dike Eddleman,West,NBA,1952,False,2
Larry Foust,West,NBA,1952,True,8
George Mikan,West,NBA,1952,False,4
Vern Mikkelsen,West,NBA,1952,False,6
Jim Pollard,West,NBA,1952,False,4
Arnie Risen,West,NBA,1952,False,4
Paul Walther,West,NBA,1952,False,1
Bobby Wanzer,West,NBA,1952,False,5
Paul Arizin,East,NBA,1951,False,10
Vince Boryla,East,NBA,1951,False,1
Bob Cousy,East,NBA,1951,False,13
Joe Fulks,East,NBA,1951,False,2
Harry Gallatin,East,NBA,1951,False,7
Ed Macauley,East,NBA,1951,False,7
Dick McGuire,East,NBA,1951,False,7
Andy Phillip,East,NBA,1951,False,5
Red Rocha,East,NBA,1951,False,2
Dolph Schayes,East,NBA,1951,False,12
Ralph Beard,West,NBA,1951,False,1
Frankie Brian,West,NBA,1951,False,2
Bob Davies,West,NBA,1951,False,4
Dike Eddleman,West,NBA,1951,False,2
Larry Foust,West,NBA,1951,False,8
Alex Groza,West,NBA,1951,False,1
George Mikan,West,NBA,1951,False,4
Vern Mikkelsen,West,NBA,1951,False,6
Jim Pollard,West,NBA,1951,False,4
Fred Schaus,West,NBA,1951,False,1
